label,phase,stage,sim,e_y_nm,nx,ny,nz,nm,seed,nodes,walltime,qos,status,slurm_id,L_rate
P0_truth_m_ey8_s1,P0,truth_m,truth_m,8,8192,256,128,1000000,1,1,00:30:00,overrun,done,56401558,2.934843
P0_truth_all_ey8_s1,P0,truth_all,truth_all,8,16384,1024,256,1000000,1,16,03:29:00,overrun,pending,,
P0_nm_lo_ey8_s1,P0,A_nm,nm_lo,8,8192,256,128,100000,1,1,00:30:00,overrun,done,56356024,3.172625
P0_nm_lo_ey8_s2,P0,A_nm,nm_lo,8,8192,256,128,100000,2,1,00:30:00,overrun,done,56401559,3.046794
P0_nm_lo_ey8_s3,P0,A_nm,nm_lo,8,8192,256,128,100000,3,1,00:30:00,overrun,done,56401560,3.202950
P0_nm_lo_ey8_s4,P0,A_nm,nm_lo,8,8192,256,128,100000,4,1,00:30:00,overrun,done,56401561,3.083335
P0_nm_lo_ey8_s5,P0,A_nm,nm_lo,8,8192,256,128,100000,5,1,00:30:00,overrun,done,56401562,3.148556
P0_nm_mid_ey8_s1,P0,A_nm,nm_mid,8,8192,256,128,250000,1,1,00:30:00,overrun,done,56401563,3.079356
P0_nm_mid_ey8_s2,P0,A_nm,nm_mid,8,8192,256,128,250000,2,1,00:30:00,overrun,done,56401564,3.096393
P0_nm_mid_ey8_s3,P0,A_nm,nm_mid,8,8192,256,128,250000,3,1,00:30:00,overrun,done,56401565,3.084564
P0_nm_mid_ey8_s4,P0,A_nm,nm_mid,8,8192,256,128,250000,4,1,00:30:00,overrun,done,56401566,3.130233
P0_nm_mid_ey8_s5,P0,A_nm,nm_mid,8,8192,256,128,250000,5,1,00:30:00,overrun,done,56401568,3.072286
P0_nm_hi_ey8_s1,P0,A_nm,nm_hi,8,8192,256,128,500000,1,1,00:30:00,overrun,done,56401569,3.014765
P0_nm_hi_ey8_s2,P0,A_nm,nm_hi,8,8192,256,128,500000,2,1,00:30:00,overrun,done,56401570,2.978613
P0_nm_hi_ey8_s3,P0,A_nm,nm_hi,8,8192,256,128,500000,3,1,00:30:00,overrun,done,56401571,3.049163
P0_nm_hi_ey8_s4,P0,A_nm,nm_hi,8,8192,256,128,500000,4,1,00:30:00,overrun,done,56401572,3.098818
P0_nm_hi_ey8_s5,P0,A_nm,nm_hi,8,8192,256,128,500000,5,1,00:30:00,overrun,done,56401573,2.984288
P1_truth_m_ey4_s1,P1,truth_m,truth_m,4,8192,256,128,2500000,1,1,00:30:00,overrun,done,56647724,4.559600
P1_truth_m_ey12_s1,P1,truth_m,truth_m,12,8192,256,128,1000000,1,1,00:30:00,overrun,done,56647725,2.245229
P1_nm_lo_ey4_s1,P1,A_nm,nm_lo,4,8192,256,128,250000,1,1,00:30:00,overrun,done,56401646,4.743960
P1_nm_lo_ey4_s2,P1,A_nm,nm_lo,4,8192,256,128,250000,2,1,00:30:00,overrun,done,56401652,4.732597
P1_nm_lo_ey4_s3,P1,A_nm,nm_lo,4,8192,256,128,250000,3,1,00:30:00,overrun,done,56401653,4.720484
P1_nm_lo_ey4_s4,P1,A_nm,nm_lo,4,8192,256,128,250000,4,1,00:30:00,overrun,done,56401654,4.801030
P1_nm_lo_ey4_s5,P1,A_nm,nm_lo,4,8192,256,128,250000,5,1,00:30:00,overrun,done,56401655,4.656904
P1_nm_mid_ey4_s1,P1,A_nm,nm_mid,4,8192,256,128,500000,1,1,00:30:00,overrun,done,56401656,4.657042
P1_nm_mid_ey4_s2,P1,A_nm,nm_mid,4,8192,256,128,500000,2,1,00:30:00,overrun,done,56401657,4.583519
P1_nm_mid_ey4_s3,P1,A_nm,nm_mid,4,8192,256,128,500000,3,1,00:30:00,overrun,done,56401658,4.705816
P1_nm_mid_ey4_s4,P1,A_nm,nm_mid,4,8192,256,128,500000,4,1,00:30:00,overrun,done,56401659,4.816139
P1_nm_mid_ey4_s5,P1,A_nm,nm_mid,4,8192,256,128,500000,5,1,00:30:00,overrun,done,56401660,4.607394
P1_nm_hi_ey4_s1,P1,A_nm,nm_hi,4,8192,256,128,1000000,1,1,00:30:00,overrun,done,56401574,4.569228
P1_nm_hi_ey4_s2,P1,A_nm,nm_hi,4,8192,256,128,1000000,2,1,00:30:00,overrun,done,56401575,4.627892
P1_nm_hi_ey4_s3,P1,A_nm,nm_hi,4,8192,256,128,1000000,3,1,00:30:00,overrun,done,56401576,4.652596
P1_nm_hi_ey4_s4,P1,A_nm,nm_hi,4,8192,256,128,1000000,4,1,00:30:00,overrun,done,56401577,4.670112
P1_nm_hi_ey4_s5,P1,A_nm,nm_hi,4,8192,256,128,1000000,5,1,00:30:00,overrun,done,56401578,4.564162
P1_nm_lo_ey12_s1,P1,A_nm,nm_lo,12,8192,256,128,50000,1,1,00:30:00,overrun,done,56401579,2.557788
P1_nm_lo_ey12_s2,P1,A_nm,nm_lo,12,8192,256,128,50000,2,1,00:30:00,overrun,done,56401580,2.563211
P1_nm_lo_ey12_s3,P1,A_nm,nm_lo,12,8192,256,128,50000,3,1,00:30:00,overrun,done,56401581,2.591980
P1_nm_lo_ey12_s4,P1,A_nm,nm_lo,12,8192,256,128,50000,4,1,00:30:00,overrun,done,56401582,2.426653
P1_nm_lo_ey12_s5,P1,A_nm,nm_lo,12,8192,256,128,50000,5,1,00:30:00,overrun,done,56401583,2.485241
P1_nm_mid_ey12_s1,P1,A_nm,nm_mid,12,8192,256,128,100000,1,1,00:30:00,overrun,done,56401661,2.460738
P1_nm_mid_ey12_s2,P1,A_nm,nm_mid,12,8192,256,128,100000,2,1,00:30:00,overrun,done,56401662,2.388672
P1_nm_mid_ey12_s3,P1,A_nm,nm_mid,12,8192,256,128,100000,3,1,00:30:00,overrun,done,56401663,2.492396
P1_nm_mid_ey12_s4,P1,A_nm,nm_mid,12,8192,256,128,100000,4,1,00:30:00,overrun,done,56401664,2.394568
P1_nm_mid_ey12_s5,P1,A_nm,nm_mid,12,8192,256,128,100000,5,1,00:30:00,overrun,done,56401665,2.456676
P1_nm_hi_ey12_s1,P1,A_nm,nm_hi,12,8192,256,128,250000,1,1,00:30:00,overrun,done,56401584,2.361276
P1_nm_hi_ey12_s2,P1,A_nm,nm_hi,12,8192,256,128,250000,2,1,00:30:00,overrun,done,56401585,2.379988
P1_nm_hi_ey12_s3,P1,A_nm,nm_hi,12,8192,256,128,250000,3,1,00:30:00,overrun,done,56401586,2.370136
P1_nm_hi_ey12_s4,P1,A_nm,nm_hi,12,8192,256,128,250000,4,1,00:30:00,overrun,done,56401587,2.409713
P1_nm_hi_ey12_s5,P1,A_nm,nm_hi,12,8192,256,128,250000,5,1,00:30:00,overrun,done,56401588,2.372549
P2_truth_m_ey2_s1,P2,truth_m,truth_m,2,8192,256,128,10000000,1,1,00:36:00,overrun,done,56647726,6.558521
P2_truth_m_ey16_s1,P2,truth_m,truth_m,16,8192,256,128,1000000,1,1,00:30:00,overrun,done,56647727,1.849782
P2_truth_m_ey20_s1,P2,truth_m,truth_m,20,8192,256,128,1000000,1,1,00:30:00,overrun,done,56647728,1.591802
P2_nm_lo_ey2_s1,P2,A_nm,nm_lo,2,8192,256,128,1000000,1,1,00:30:00,overrun,done,56401666,7.017131
P2_nm_lo_ey2_s2,P2,A_nm,nm_lo,2,8192,256,128,1000000,2,1,00:30:00,overrun,done,56401667,7.106732
P2_nm_lo_ey2_s3,P2,A_nm,nm_lo,2,8192,256,128,1000000,3,1,00:30:00,overrun,done,56401668,7.109127
P2_nm_lo_ey2_s4,P2,A_nm,nm_lo,2,8192,256,128,1000000,4,1,00:30:00,overrun,done,56401669,7.135248
P2_nm_lo_ey2_s5,P2,A_nm,nm_lo,2,8192,256,128,1000000,5,1,00:30:00,overrun,done,56401670,6.996891
P2_nm_mid_ey2_s1,P2,A_nm,nm_mid,2,8192,256,128,2500000,1,1,00:30:00,overrun,done,56401671,7.011431
P2_nm_mid_ey2_s2,P2,A_nm,nm_mid,2,8192,256,128,2500000,2,1,00:30:00,overrun,done,56401672,6.845299
P2_nm_mid_ey2_s3,P2,A_nm,nm_mid,2,8192,256,128,2500000,3,1,00:30:00,overrun,done,56401673,6.856096
P2_nm_mid_ey2_s4,P2,A_nm,nm_mid,2,8192,256,128,2500000,4,1,00:30:00,overrun,done,56401674,6.720290
P2_nm_mid_ey2_s5,P2,A_nm,nm_mid,2,8192,256,128,2500000,5,1,00:30:00,overrun,done,56401675,6.896216
P2_nm_hi_ey2_s1,P2,A_nm,nm_hi,2,8192,256,128,5000000,1,1,00:30:00,overrun,done,56401676,6.683875
P2_nm_hi_ey2_s2,P2,A_nm,nm_hi,2,8192,256,128,5000000,2,1,00:30:00,overrun,done,56401677,6.716897
P2_nm_hi_ey2_s3,P2,A_nm,nm_hi,2,8192,256,128,5000000,3,1,00:30:00,overrun,done,56401678,6.656845
P2_nm_hi_ey2_s4,P2,A_nm,nm_hi,2,8192,256,128,5000000,4,1,00:30:00,overrun,done,56401679,6.634906
P2_nm_hi_ey2_s5,P2,A_nm,nm_hi,2,8192,256,128,5000000,5,1,00:30:00,overrun,done,56401680,6.784985
P2_nm_lo_ey16_s1,P2,A_nm,nm_lo,16,8192,256,128,50000,1,1,00:30:00,overrun,done,56401681,2.126493
P2_nm_lo_ey16_s2,P2,A_nm,nm_lo,16,8192,256,128,50000,2,1,00:30:00,overrun,done,56401682,2.134406
P2_nm_lo_ey16_s3,P2,A_nm,nm_lo,16,8192,256,128,50000,3,1,00:30:00,overrun,done,56401683,2.163904
P2_nm_lo_ey16_s4,P2,A_nm,nm_lo,16,8192,256,128,50000,4,1,00:30:00,overrun,done,56401684,2.042918
P2_nm_lo_ey16_s5,P2,A_nm,nm_lo,16,8192,256,128,50000,5,1,00:30:00,overrun,done,56401685,2.080883
P2_nm_mid_ey16_s1,P2,A_nm,nm_mid,16,8192,256,128,100000,1,1,00:30:00,overrun,done,56401686,2.047854
P2_nm_mid_ey16_s2,P2,A_nm,nm_mid,16,8192,256,128,100000,2,1,00:30:00,overrun,done,56401687,1.990128
P2_nm_mid_ey16_s3,P2,A_nm,nm_mid,16,8192,256,128,100000,3,1,00:30:00,overrun,done,56401689,2.071839
P2_nm_mid_ey16_s4,P2,A_nm,nm_mid,16,8192,256,128,100000,4,1,00:30:00,overrun,done,56401690,1.993466
P2_nm_mid_ey16_s5,P2,A_nm,nm_mid,16,8192,256,128,100000,5,1,00:30:00,overrun,done,56401691,2.040531
P2_nm_hi_ey16_s1,P2,A_nm,nm_hi,16,8192,256,128,250000,1,1,00:30:00,overrun,done,56401692,1.950374
P2_nm_hi_ey16_s2,P2,A_nm,nm_hi,16,8192,256,128,250000,2,1,00:30:00,overrun,done,56401693,1.963592
P2_nm_hi_ey16_s3,P2,A_nm,nm_hi,16,8192,256,128,250000,3,1,00:30:00,overrun,done,56401694,1.960552
P2_nm_hi_ey16_s4,P2,A_nm,nm_hi,16,8192,256,128,250000,4,1,00:30:00,overrun,done,56401695,1.987729
P2_nm_hi_ey16_s5,P2,A_nm,nm_hi,16,8192,256,128,250000,5,1,00:30:00,overrun,done,56401696,1.964035
P2_nm_lo_ey20_s1,P2,A_nm,nm_lo,20,8192,256,128,25000,1,1,00:30:00,overrun,done,56401697,1.877829
P2_nm_lo_ey20_s2,P2,A_nm,nm_lo,20,8192,256,128,25000,2,1,00:30:00,overrun,done,56401698,1.765299
P2_nm_lo_ey20_s3,P2,A_nm,nm_lo,20,8192,256,128,25000,3,1,00:30:00,overrun,done,56401699,1.924580
P2_nm_lo_ey20_s4,P2,A_nm,nm_lo,20,8192,256,128,25000,4,1,00:30:00,overrun,done,56401700,1.900354
P2_nm_lo_ey20_s5,P2,A_nm,nm_lo,20,8192,256,128,25000,5,1,00:30:00,overrun,done,56401701,1.859822
P2_nm_mid_ey20_s1,P2,A_nm,nm_mid,20,8192,256,128,50000,1,1,00:30:00,overrun,done,56401702,1.835650
P2_nm_mid_ey20_s2,P2,A_nm,nm_mid,20,8192,256,128,50000,2,1,00:30:00,overrun,done,56401703,1.842789
P2_nm_mid_ey20_s3,P2,A_nm,nm_mid,20,8192,256,128,50000,3,1,00:30:00,overrun,done,56401704,1.879925
P2_nm_mid_ey20_s4,P2,A_nm,nm_mid,20,8192,256,128,50000,4,1,00:30:00,overrun,done,56401705,1.771008
P2_nm_mid_ey20_s5,P2,A_nm,nm_mid,20,8192,256,128,50000,5,1,00:30:00,overrun,done,56401706,1.806852
P2_nm_hi_ey20_s1,P2,A_nm,nm_hi,20,8192,256,128,100000,1,1,00:30:00,overrun,done,56401707,1.766711
P2_nm_hi_ey20_s2,P2,A_nm,nm_hi,20,8192,256,128,100000,2,1,00:30:00,overrun,done,56401708,1.721557
P2_nm_hi_ey20_s3,P2,A_nm,nm_hi,20,8192,256,128,100000,3,1,00:30:00,overrun,done,56401709,1.782173
P2_nm_hi_ey20_s4,P2,A_nm,nm_hi,20,8192,256,128,100000,4,1,00:30:00,overrun,done,56401710,1.721180
P2_nm_hi_ey20_s5,P2,A_nm,nm_hi,20,8192,256,128,100000,5,1,00:30:00,overrun,done,56401711,1.759946
P3_truth_m_ey0p5_s1,P3,truth_m,truth_m,0.5,8192,512,128,50000000,1,2,00:55:00,overrun,pending,,
P3_truth_m_ey1_s1,P3,truth_m,truth_m,1,8192,512,128,25000000,1,2,00:48:00,overrun,pending,,
P3_nm_lo_ey0p5_s1,P3,A_nm,nm_lo,0.5,8192,512,128,5000000,1,2,00:39:00,overrun,check,56401712,
P3_nm_lo_ey0p5_s2,P3,A_nm,nm_lo,0.5,8192,512,128,5000000,2,2,00:39:00,overrun,check,56401713,
P3_nm_lo_ey0p5_s3,P3,A_nm,nm_lo,0.5,8192,512,128,5000000,3,2,00:39:00,overrun,check,56401714,
P3_nm_lo_ey0p5_s4,P3,A_nm,nm_lo,0.5,8192,512,128,5000000,4,2,00:39:00,overrun,check,56401715,
P3_nm_lo_ey0p5_s5,P3,A_nm,nm_lo,0.5,8192,512,128,5000000,5,2,00:39:00,overrun,check,56401716,
P3_nm_mid_ey0p5_s1,P3,A_nm,nm_mid,0.5,8192,512,128,10000000,1,2,00:30:00,overrun,done,57126341,14.475125
P3_nm_mid_ey0p5_s2,P3,A_nm,nm_mid,0.5,8192,512,128,10000000,2,2,00:42:00,overrun,check,56401718,
P3_nm_mid_ey0p5_s3,P3,A_nm,nm_mid,0.5,8192,512,128,10000000,3,2,00:42:00,overrun,check,56401719,
P3_nm_mid_ey0p5_s4,P3,A_nm,nm_mid,0.5,8192,512,128,10000000,4,2,00:42:00,overrun,check,56401720,
P3_nm_mid_ey0p5_s5,P3,A_nm,nm_mid,0.5,8192,512,128,10000000,5,2,00:42:00,overrun,check,56401721,
P3_nm_hi_ey0p5_s1,P3,A_nm,nm_hi,0.5,8192,512,128,25000000,1,2,00:48:00,overrun,check,56401722,
P3_nm_hi_ey0p5_s2,P3,A_nm,nm_hi,0.5,8192,512,128,25000000,2,2,00:48:00,overrun,check,56401723,
P3_nm_hi_ey0p5_s3,P3,A_nm,nm_hi,0.5,8192,512,128,25000000,3,2,00:48:00,overrun,check,56401724,
P3_nm_hi_ey0p5_s4,P3,A_nm,nm_hi,0.5,8192,512,128,25000000,4,2,00:48:00,overrun,check,56401725,
P3_nm_hi_ey0p5_s5,P3,A_nm,nm_hi,0.5,8192,512,128,25000000,5,2,00:48:00,overrun,check,56401726,
P3_nm_lo_ey1_s1,P3,A_nm,nm_lo,1,8192,512,128,2500000,1,2,00:38:00,overrun,check,56401727,
P3_nm_lo_ey1_s2,P3,A_nm,nm_lo,1,8192,512,128,2500000,2,2,00:38:00,overrun,check,56401728,
P3_nm_lo_ey1_s3,P3,A_nm,nm_lo,1,8192,512,128,2500000,3,2,00:38:00,overrun,check,56401729,
P3_nm_lo_ey1_s4,P3,A_nm,nm_lo,1,8192,512,128,2500000,4,2,00:38:00,overrun,check,56401730,
P3_nm_lo_ey1_s5,P3,A_nm,nm_lo,1,8192,512,128,2500000,5,2,00:38:00,overrun,check,56401731,
P3_nm_mid_ey1_s1,P3,A_nm,nm_mid,1,8192,512,128,5000000,1,2,00:39:00,overrun,check,56401732,
P3_nm_mid_ey1_s2,P3,A_nm,nm_mid,1,8192,512,128,5000000,2,2,00:39:00,overrun,check,56401733,
P3_nm_mid_ey1_s3,P3,A_nm,nm_mid,1,8192,512,128,5000000,3,2,00:39:00,overrun,check,56401734,
P3_nm_mid_ey1_s4,P3,A_nm,nm_mid,1,8192,512,128,5000000,4,2,00:39:00,overrun,check,56401735,
P3_nm_mid_ey1_s5,P3,A_nm,nm_mid,1,8192,512,128,5000000,5,2,00:39:00,overrun,check,56401736,
P3_nm_hi_ey1_s1,P3,A_nm,nm_hi,1,8192,512,128,10000000,1,2,00:30:00,overrun,done,57126342,9.992022
P3_nm_hi_ey1_s2,P3,A_nm,nm_hi,1,8192,512,128,10000000,2,2,00:42:00,overrun,check,56401738,
P3_nm_hi_ey1_s3,P3,A_nm,nm_hi,1,8192,512,128,10000000,3,2,00:42:00,overrun,check,56401739,
P3_nm_hi_ey1_s4,P3,A_nm,nm_hi,1,8192,512,128,10000000,4,2,00:42:00,overrun,check,56401740,
P3_nm_hi_ey1_s5,P3,A_nm,nm_hi,1,8192,512,128,10000000,5,2,00:42:00,overrun,check,56401741,
P4a_truth_y_ey4_s1,P4a,truth_y,truth_y,4,8192,1024,128,2000000,1,4,00:58:00,overrun,pending,,
P4a_truth_y_ey8_s1,P4a,truth_y,truth_y,8,8192,1024,128,1000000,1,4,00:58:00,overrun,pending,,
P4a_truth_y_ey12_s1,P4a,truth_y,truth_y,12,8192,1024,128,400000,1,4,00:58:00,overrun,pending,,
P4a_ny_lo_ey4_s1,P4a,B_ny,ny_lo,4,8192,128,128,250000,1,1,00:30:00,overrun,pending,,
P4a_ny_lo_ey4_s2,P4a,B_ny,ny_lo,4,8192,128,128,250000,2,1,00:30:00,overrun,pending,,
P4a_ny_lo_ey4_s3,P4a,B_ny,ny_lo,4,8192,128,128,250000,3,1,00:30:00,overrun,pending,,
P4a_ny_lo_ey4_s4,P4a,B_ny,ny_lo,4,8192,128,128,250000,4,1,00:30:00,overrun,pending,,
P4a_ny_lo_ey4_s5,P4a,B_ny,ny_lo,4,8192,128,128,250000,5,1,00:30:00,overrun,pending,,
P4a_ny_mid_ey4_s1,P4a,B_ny,ny_mid,4,8192,256,128,500000,1,1,00:30:00,overrun,pending,,
P4a_ny_mid_ey4_s2,P4a,B_ny,ny_mid,4,8192,256,128,500000,2,1,00:30:00,overrun,pending,,
P4a_ny_mid_ey4_s3,P4a,B_ny,ny_mid,4,8192,256,128,500000,3,1,00:30:00,overrun,pending,,
P4a_ny_mid_ey4_s4,P4a,B_ny,ny_mid,4,8192,256,128,500000,4,1,00:30:00,overrun,pending,,
P4a_ny_mid_ey4_s5,P4a,B_ny,ny_mid,4,8192,256,128,500000,5,1,00:30:00,overrun,pending,,
P4a_ny_hi_ey4_s1,P4a,B_ny,ny_hi,4,8192,512,128,1000000,1,2,00:36:00,overrun,pending,,
P4a_ny_hi_ey4_s2,P4a,B_ny,ny_hi,4,8192,512,128,1000000,2,2,00:36:00,overrun,pending,,
P4a_ny_hi_ey4_s3,P4a,B_ny,ny_hi,4,8192,512,128,1000000,3,2,00:36:00,overrun,pending,,
P4a_ny_hi_ey4_s4,P4a,B_ny,ny_hi,4,8192,512,128,1000000,4,2,00:36:00,overrun,pending,,
P4a_ny_hi_ey4_s5,P4a,B_ny,ny_hi,4,8192,512,128,1000000,5,2,00:36:00,overrun,pending,,
P4a_ny_lo_ey8_s1,P4a,B_ny,ny_lo,8,8192,128,128,125000,1,1,00:30:00,overrun,pending,,
P4a_ny_lo_ey8_s2,P4a,B_ny,ny_lo,8,8192,128,128,125000,2,1,00:30:00,overrun,pending,,
P4a_ny_lo_ey8_s3,P4a,B_ny,ny_lo,8,8192,128,128,125000,3,1,00:30:00,overrun,pending,,
P4a_ny_lo_ey8_s4,P4a,B_ny,ny_lo,8,8192,128,128,125000,4,1,00:30:00,overrun,pending,,
P4a_ny_lo_ey8_s5,P4a,B_ny,ny_lo,8,8192,128,128,125000,5,1,00:30:00,overrun,pending,,
P4a_ny_mid_ey8_s1,P4a,B_ny,ny_mid,8,8192,256,128,250000,1,1,00:30:00,overrun,pending,,
P4a_ny_mid_ey8_s2,P4a,B_ny,ny_mid,8,8192,256,128,250000,2,1,00:30:00,overrun,pending,,
P4a_ny_mid_ey8_s3,P4a,B_ny,ny_mid,8,8192,256,128,250000,3,1,00:30:00,overrun,pending,,
P4a_ny_mid_ey8_s4,P4a,B_ny,ny_mid,8,8192,256,128,250000,4,1,00:30:00,overrun,pending,,
P4a_ny_mid_ey8_s5,P4a,B_ny,ny_mid,8,8192,256,128,250000,5,1,00:30:00,overrun,pending,,
P4a_ny_hi_ey8_s1,P4a,B_ny,ny_hi,8,8192,512,128,500000,1,2,00:36:00,overrun,pending,,
P4a_ny_hi_ey8_s2,P4a,B_ny,ny_hi,8,8192,512,128,500000,2,2,00:36:00,overrun,pending,,
P4a_ny_hi_ey8_s3,P4a,B_ny,ny_hi,8,8192,512,128,500000,3,2,00:36:00,overrun,pending,,
P4a_ny_hi_ey8_s4,P4a,B_ny,ny_hi,8,8192,512,128,500000,4,2,00:36:00,overrun,pending,,
P4a_ny_hi_ey8_s5,P4a,B_ny,ny_hi,8,8192,512,128,500000,5,2,00:36:00,overrun,pending,,
P4a_ny_lo_ey12_s1,P4a,B_ny,ny_lo,12,8192,128,128,50000,1,1,00:30:00,overrun,pending,,
P4a_ny_lo_ey12_s2,P4a,B_ny,ny_lo,12,8192,128,128,50000,2,1,00:30:00,overrun,pending,,
P4a_ny_lo_ey12_s3,P4a,B_ny,ny_lo,12,8192,128,128,50000,3,1,00:30:00,overrun,pending,,
P4a_ny_lo_ey12_s4,P4a,B_ny,ny_lo,12,8192,128,128,50000,4,1,00:30:00,overrun,pending,,
P4a_ny_lo_ey12_s5,P4a,B_ny,ny_lo,12,8192,128,128,50000,5,1,00:30:00,overrun,pending,,
P4a_ny_mid_ey12_s1,P4a,B_ny,ny_mid,12,8192,256,128,100000,1,1,00:30:00,overrun,pending,,
P4a_ny_mid_ey12_s2,P4a,B_ny,ny_mid,12,8192,256,128,100000,2,1,00:30:00,overrun,pending,,
P4a_ny_mid_ey12_s3,P4a,B_ny,ny_mid,12,8192,256,128,100000,3,1,00:30:00,overrun,pending,,
P4a_ny_mid_ey12_s4,P4a,B_ny,ny_mid,12,8192,256,128,100000,4,1,00:30:00,overrun,pending,,
P4a_ny_mid_ey12_s5,P4a,B_ny,ny_mid,12,8192,256,128,100000,5,1,00:30:00,overrun,pending,,
P4a_ny_hi_ey12_s1,P4a,B_ny,ny_hi,12,8192,512,128,200000,1,2,00:36:00,overrun,pending,,
P4a_ny_hi_ey12_s2,P4a,B_ny,ny_hi,12,8192,512,128,200000,2,2,00:36:00,overrun,pending,,
P4a_ny_hi_ey12_s3,P4a,B_ny,ny_hi,12,8192,512,128,200000,3,2,00:36:00,overrun,pending,,
P4a_ny_hi_ey12_s4,P4a,B_ny,ny_hi,12,8192,512,128,200000,4,2,00:36:00,overrun,pending,,
P4a_ny_hi_ey12_s5,P4a,B_ny,ny_hi,12,8192,512,128,200000,5,2,00:36:00,overrun,pending,,
P4b_truth_y_ey2_s1,P4b,truth_y,truth_y,2,8192,1024,128,10000000,1,4,01:00:00,overrun,pending,,
P4b_truth_y_ey16_s1,P4b,truth_y,truth_y,16,8192,1024,128,400000,1,4,00:58:00,overrun,pending,,
P4b_truth_y_ey20_s1,P4b,truth_y,truth_y,20,8192,1024,128,200000,1,4,00:58:00,overrun,pending,,
P4b_ny_lo_ey2_s1,P4b,B_ny,ny_lo,2,8192,128,128,1250000,1,1,00:30:00,overrun,pending,,
P4b_ny_lo_ey2_s2,P4b,B_ny,ny_lo,2,8192,128,128,1250000,2,1,00:30:00,overrun,pending,,
P4b_ny_lo_ey2_s3,P4b,B_ny,ny_lo,2,8192,128,128,1250000,3,1,00:30:00,overrun,pending,,
P4b_ny_lo_ey2_s4,P4b,B_ny,ny_lo,2,8192,128,128,1250000,4,1,00:30:00,overrun,pending,,
P4b_ny_lo_ey2_s5,P4b,B_ny,ny_lo,2,8192,128,128,1250000,5,1,00:30:00,overrun,pending,,
P4b_ny_mid_ey2_s1,P4b,B_ny,ny_mid,2,8192,256,128,2500000,1,1,00:30:00,overrun,pending,,
P4b_ny_mid_ey2_s2,P4b,B_ny,ny_mid,2,8192,256,128,2500000,2,1,00:30:00,overrun,pending,,
P4b_ny_mid_ey2_s3,P4b,B_ny,ny_mid,2,8192,256,128,2500000,3,1,00:30:00,overrun,pending,,
P4b_ny_mid_ey2_s4,P4b,B_ny,ny_mid,2,8192,256,128,2500000,4,1,00:30:00,overrun,pending,,
P4b_ny_mid_ey2_s5,P4b,B_ny,ny_mid,2,8192,256,128,2500000,5,1,00:30:00,overrun,pending,,
P4b_ny_hi_ey2_s1,P4b,B_ny,ny_hi,2,8192,512,128,5000000,1,2,00:39:00,overrun,pending,,
P4b_ny_hi_ey2_s2,P4b,B_ny,ny_hi,2,8192,512,128,5000000,2,2,00:39:00,overrun,pending,,
P4b_ny_hi_ey2_s3,P4b,B_ny,ny_hi,2,8192,512,128,5000000,3,2,00:39:00,overrun,pending,,
P4b_ny_hi_ey2_s4,P4b,B_ny,ny_hi,2,8192,512,128,5000000,4,2,00:39:00,overrun,pending,,
P4b_ny_hi_ey2_s5,P4b,B_ny,ny_hi,2,8192,512,128,5000000,5,2,00:39:00,overrun,pending,,
P4b_ny_lo_ey16_s1,P4b,B_ny,ny_lo,16,8192,128,128,50000,1,1,00:30:00,overrun,pending,,
P4b_ny_lo_ey16_s2,P4b,B_ny,ny_lo,16,8192,128,128,50000,2,1,00:30:00,overrun,pending,,
P4b_ny_lo_ey16_s3,P4b,B_ny,ny_lo,16,8192,128,128,50000,3,1,00:30:00,overrun,pending,,
P4b_ny_lo_ey16_s4,P4b,B_ny,ny_lo,16,8192,128,128,50000,4,1,00:30:00,overrun,pending,,
P4b_ny_lo_ey16_s5,P4b,B_ny,ny_lo,16,8192,128,128,50000,5,1,00:30:00,overrun,pending,,
P4b_ny_mid_ey16_s1,P4b,B_ny,ny_mid,16,8192,256,128,100000,1,1,00:30:00,overrun,pending,,
P4b_ny_mid_ey16_s2,P4b,B_ny,ny_mid,16,8192,256,128,100000,2,1,00:30:00,overrun,pending,,
P4b_ny_mid_ey16_s3,P4b,B_ny,ny_mid,16,8192,256,128,100000,3,1,00:30:00,overrun,pending,,
P4b_ny_mid_ey16_s4,P4b,B_ny,ny_mid,16,8192,256,128,100000,4,1,00:30:00,overrun,pending,,
P4b_ny_mid_ey16_s5,P4b,B_ny,ny_mid,16,8192,256,128,100000,5,1,00:30:00,overrun,pending,,
P4b_ny_hi_ey16_s1,P4b,B_ny,ny_hi,16,8192,512,128,200000,1,2,00:36:00,overrun,pending,,
P4b_ny_hi_ey16_s2,P4b,B_ny,ny_hi,16,8192,512,128,200000,2,2,00:36:00,overrun,pending,,
P4b_ny_hi_ey16_s3,P4b,B_ny,ny_hi,16,8192,512,128,200000,3,2,00:36:00,overrun,pending,,
P4b_ny_hi_ey16_s4,P4b,B_ny,ny_hi,16,8192,512,128,200000,4,2,00:36:00,overrun,pending,,
P4b_ny_hi_ey16_s5,P4b,B_ny,ny_hi,16,8192,512,128,200000,5,2,00:36:00,overrun,pending,,
P4b_ny_lo_ey20_s1,P4b,B_ny,ny_lo,20,8192,128,128,25000,1,1,00:30:00,overrun,pending,,
P4b_ny_lo_ey20_s2,P4b,B_ny,ny_lo,20,8192,128,128,25000,2,1,00:30:00,overrun,pending,,
P4b_ny_lo_ey20_s3,P4b,B_ny,ny_lo,20,8192,128,128,25000,3,1,00:30:00,overrun,pending,,
P4b_ny_lo_ey20_s4,P4b,B_ny,ny_lo,20,8192,128,128,25000,4,1,00:30:00,overrun,pending,,
P4b_ny_lo_ey20_s5,P4b,B_ny,ny_lo,20,8192,128,128,25000,5,1,00:30:00,overrun,pending,,
P4b_ny_mid_ey20_s1,P4b,B_ny,ny_mid,20,8192,256,128,50000,1,1,00:30:00,overrun,pending,,
P4b_ny_mid_ey20_s2,P4b,B_ny,ny_mid,20,8192,256,128,50000,2,1,00:30:00,overrun,pending,,
P4b_ny_mid_ey20_s3,P4b,B_ny,ny_mid,20,8192,256,128,50000,3,1,00:30:00,overrun,pending,,
P4b_ny_mid_ey20_s4,P4b,B_ny,ny_mid,20,8192,256,128,50000,4,1,00:30:00,overrun,pending,,
P4b_ny_mid_ey20_s5,P4b,B_ny,ny_mid,20,8192,256,128,50000,5,1,00:30:00,overrun,pending,,
P4b_ny_hi_ey20_s1,P4b,B_ny,ny_hi,20,8192,512,128,100000,1,2,00:36:00,overrun,pending,,
P4b_ny_hi_ey20_s2,P4b,B_ny,ny_hi,20,8192,512,128,100000,2,2,00:36:00,overrun,pending,,
P4b_ny_hi_ey20_s3,P4b,B_ny,ny_hi,20,8192,512,128,100000,3,2,00:36:00,overrun,pending,,
P4b_ny_hi_ey20_s4,P4b,B_ny,ny_hi,20,8192,512,128,100000,4,2,00:36:00,overrun,pending,,
P4b_ny_hi_ey20_s5,P4b,B_ny,ny_hi,20,8192,512,128,100000,5,2,00:36:00,overrun,pending,,
P4c_truth_y_ey0p5_s1,P4c,truth_y,truth_y,0.5,8192,2048,128,40000000,1,8,01:36:00,overrun,pending,,
P4c_truth_y_ey1_s1,P4c,truth_y,truth_y,1,8192,2048,128,20000000,1,8,01:34:00,overrun,pending,,
P4c_ny_lo_ey0p5_s1,P4c,B_ny,ny_lo,0.5,8192,256,128,5000000,1,1,00:30:00,overrun,pending,,
P4c_ny_lo_ey0p5_s2,P4c,B_ny,ny_lo,0.5,8192,256,128,5000000,2,1,00:30:00,overrun,pending,,
P4c_ny_lo_ey0p5_s3,P4c,B_ny,ny_lo,0.5,8192,256,128,5000000,3,1,00:30:00,overrun,pending,,
P4c_ny_lo_ey0p5_s4,P4c,B_ny,ny_lo,0.5,8192,256,128,5000000,4,1,00:30:00,overrun,pending,,
P4c_ny_lo_ey0p5_s5,P4c,B_ny,ny_lo,0.5,8192,256,128,5000000,5,1,00:30:00,overrun,pending,,
P4c_ny_mid_ey0p5_s1,P4c,B_ny,ny_mid,0.5,8192,512,128,10000000,1,2,00:42:00,overrun,pending,,
P4c_ny_mid_ey0p5_s2,P4c,B_ny,ny_mid,0.5,8192,512,128,10000000,2,2,00:42:00,overrun,pending,,
P4c_ny_mid_ey0p5_s3,P4c,B_ny,ny_mid,0.5,8192,512,128,10000000,3,2,00:42:00,overrun,pending,,
P4c_ny_mid_ey0p5_s4,P4c,B_ny,ny_mid,0.5,8192,512,128,10000000,4,2,00:42:00,overrun,pending,,
P4c_ny_mid_ey0p5_s5,P4c,B_ny,ny_mid,0.5,8192,512,128,10000000,5,2,00:42:00,overrun,pending,,
P4c_ny_hi_ey0p5_s1,P4c,B_ny,ny_hi,0.5,8192,1024,128,20000000,1,4,01:03:00,overrun,pending,,
P4c_ny_hi_ey0p5_s2,P4c,B_ny,ny_hi,0.5,8192,1024,128,20000000,2,4,01:03:00,overrun,pending,,
P4c_ny_hi_ey0p5_s3,P4c,B_ny,ny_hi,0.5,8192,1024,128,20000000,3,4,01:03:00,overrun,pending,,
P4c_ny_hi_ey0p5_s4,P4c,B_ny,ny_hi,0.5,8192,1024,128,20000000,4,4,01:03:00,overrun,pending,,
P4c_ny_hi_ey0p5_s5,P4c,B_ny,ny_hi,0.5,8192,1024,128,20000000,5,4,01:03:00,overrun,pending,,
P4c_ny_lo_ey1_s1,P4c,B_ny,ny_lo,1,8192,256,128,2500000,1,1,00:30:00,overrun,pending,,
P4c_ny_lo_ey1_s2,P4c,B_ny,ny_lo,1,8192,256,128,2500000,2,1,00:30:00,overrun,pending,,
P4c_ny_lo_ey1_s3,P4c,B_ny,ny_lo,1,8192,256,128,2500000,3,1,00:30:00,overrun,pending,,
P4c_ny_lo_ey1_s4,P4c,B_ny,ny_lo,1,8192,256,128,2500000,4,1,00:30:00,overrun,pending,,
P4c_ny_lo_ey1_s5,P4c,B_ny,ny_lo,1,8192,256,128,2500000,5,1,00:30:00,overrun,pending,,
P4c_ny_mid_ey1_s1,P4c,B_ny,ny_mid,1,8192,512,128,5000000,1,2,00:39:00,overrun,pending,,
P4c_ny_mid_ey1_s2,P4c,B_ny,ny_mid,1,8192,512,128,5000000,2,2,00:39:00,overrun,pending,,
P4c_ny_mid_ey1_s3,P4c,B_ny,ny_mid,1,8192,512,128,5000000,3,2,00:39:00,overrun,pending,,
P4c_ny_mid_ey1_s4,P4c,B_ny,ny_mid,1,8192,512,128,5000000,4,2,00:39:00,overrun,pending,,
P4c_ny_mid_ey1_s5,P4c,B_ny,ny_mid,1,8192,512,128,5000000,5,2,00:39:00,overrun,pending,,
P4c_ny_hi_ey1_s1,P4c,B_ny,ny_hi,1,8192,1024,128,10000000,1,4,01:00:00,overrun,pending,,
P4c_ny_hi_ey1_s2,P4c,B_ny,ny_hi,1,8192,1024,128,10000000,2,4,01:00:00,overrun,pending,,
P4c_ny_hi_ey1_s3,P4c,B_ny,ny_hi,1,8192,1024,128,10000000,3,4,01:00:00,overrun,pending,,
P4c_ny_hi_ey1_s4,P4c,B_ny,ny_hi,1,8192,1024,128,10000000,4,4,01:00:00,overrun,pending,,
P4c_ny_hi_ey1_s5,P4c,B_ny,ny_hi,1,8192,1024,128,10000000,5,4,01:00:00,overrun,pending,,
P5_truth_all_ey2_s1,P5,truth_all,truth_all,2,16384,1024,256,10000000,1,16,03:30:00,overrun,pending,,
P5_truth_all_ey4_s1,P5,truth_all,truth_all,4,16384,1024,256,2500000,1,16,03:29:00,overrun,pending,,
P5_truth_all_ey12_s1,P5,truth_all,truth_all,12,16384,1024,256,500000,1,16,03:29:00,overrun,pending,,
P5_truth_all_ey16_s1,P5,truth_all,truth_all,16,16384,1024,256,500000,1,16,03:29:00,overrun,pending,,
P5_truth_all_ey20_s1,P5,truth_all,truth_all,20,16384,1024,256,250000,1,16,03:29:00,overrun,pending,,
P5gated_truth_all_ey0p5_s1,P5-gated,truth_all,truth_all,0.5,16384,2048,256,50000000,1,32,04:51:00,regular,pending,,
P5gated_truth_all_ey1_s1,P5-gated,truth_all,truth_all,1,16384,2048,256,25000000,1,32,04:50:00,regular,pending,,
P3_nm_250k_ey1_s1,P3,A_nm,nm_250k,1,8192,512,128,250000,1,2,00:30:00,regular,check,56648365,
P3_nm_500k_ey1_s1,P3,A_nm,nm_500k,1,8192,512,128,500000,1,2,00:30:00,regular,check,56648366,
P3_nm_1M_ey1_s1,P3,A_nm,nm_1M,1,8192,512,128,1000000,1,2,00:30:00,regular,check,56648367,
P3_nm_500k_ey0p5_s1,P3,A_nm,nm_500k,0.5,8192,512,128,500000,1,2,00:30:00,regular,check,56648370,
P3_nm_1M_ey0p5_s1,P3,A_nm,nm_1M,0.5,8192,512,128,1000000,1,2,00:30:00,regular,check,56648371,
P3_nm_2p5M_ey0p5_s1,P3,A_nm,nm_2p5M,0.5,8192,512,128,2500000,1,2,00:30:00,regular,check,56648375,
P1_nm_500k_ey12_s1,P1,A_nm,nm_500k,12,8192,256,128,500000,1,1,00:30:00,regular,done,56688328,2.312322
P2_nm_500k_ey16_s1,P2,A_nm,nm_500k,16,8192,256,128,500000,1,1,00:30:00,regular,done,56688329,1.905127
P2_nm_250k_ey20_s1,P2,A_nm,nm_250k,20,8192,256,128,250000,1,1,00:30:00,regular,done,56688330,1.678846
PA_truth_m10M_ey4_s1,PA,truth_m,truth_m10M,4,8192,256,128,10000000,1,1,00:30:00,regular,done,56737055,4.242180
PA_truth_m10M_ey8_s1,PA,truth_m,truth_m10M,8,8192,256,128,10000000,1,1,00:30:00,regular,done,56737056,2.714746
PA_truth_m10M_ey12_s1,PA,truth_m,truth_m10M,12,8192,256,128,10000000,1,1,00:30:00,regular,done,56737057,2.081608
PA_truth_m10M_ey16_s1,PA,truth_m,truth_m10M,16,8192,256,128,10000000,1,1,00:30:00,regular,done,56737058,1.722474
PA_truth_m10M_ey20_s1,PA,truth_m,truth_m10M,20,8192,256,128,10000000,1,1,00:30:00,regular,done,56737059,1.487456
PV_init_on_ey2_s1,PV,valid,init_on,2,8192,512,128,1000000,1,2,00:30:00,regular,check,56738689,
PV_init_off_ey2_s1,PV,valid,init_off,2,8192,512,128,1000000,1,2,00:30:00,regular,check,56738690,
PA_truth_m100M_ey2_s1,PA,truth_m,truth_m100M,2,8192,512,128,100000000,1,4,00:45:00,regular,check,56875366,
PA_truth_m100M_ey4_s1,PA,truth_m,truth_m100M,4,8192,256,128,100000000,1,2,01:30:00,regular,done,56875367,3.888158
PA_truth_m100M_ey8_s1,PA,truth_m,truth_m100M,8,8192,256,128,100000000,1,2,01:30:00,regular,done,56875368,2.508872
OV_base512_ey8_s1,OV,baseline,base512,8,512,512,256,250000,1,1,00:30:00,regular,done,56953755,2.324218
OV_nx1024_ey8_s1,OV,nx_scan,nx1024,8,1024,512,256,500000,1,1,00:30:00,regular,done,56953756,2.311115
OV_nx2048_ey8_s1,OV,nx_scan,nx2048,8,2048,512,256,1000000,1,1,00:30:00,regular,done,56953757,2.368927
OV_nx4096_ey8_s1,OV,nx_scan,nx4096,8,4096,512,256,2000000,1,2,00:45:00,regular,done,57021842,2.711163
OV_nx8192_ey8_s1,OV,nx_scan,nx8192,8,8192,512,256,4000000,1,4,01:00:00,regular,done,57023758,2.886341
OV_nx16384_ey8_s1,OV,nx_scan,nx16384,8,16384,512,256,8000000,1,8,02:00:00,regular,cancelled,57041100,
OV_ny128_ey8_s1,OV,ny_scan,ny128,8,512,128,256,62500,1,1,00:30:00,regular,done,56953761,2.152916
OV_ny256_ey8_s1,OV,ny_scan,ny256,8,512,256,256,125000,1,1,00:30:00,regular,done,56953762,2.255987
OV_ny1024_ey8_s1,OV,ny_scan,ny1024,8,512,1024,256,500000,1,1,00:30:00,regular,done,56953763,2.336117
OV_ny2048_ey8_s1,OV,ny_scan,ny2048,8,512,2048,256,1000000,1,1,00:30:00,regular,done,56953764,2.354655
OV_ny4096_ey8_s1,OV,ny_scan,ny4096,8,512,4096,256,2000000,1,2,00:45:00,regular,done,57023760,2.361107
OV_nz128_ey8_s1,OV,nz_scan,nz128,8,512,512,128,125000,1,1,00:30:00,regular,done,56953766,2.329830
OV_nz512_ey8_s1,OV,nz_scan,nz512,8,512,512,512,500000,1,1,00:30:00,regular,done,56953767,2.310925
OV_ny8192_ey8_s1,OV,ny_scan,ny8192,8,512,8192,256,4000000,1,4,01:00:00,regular,done,57023761,2.386455
OV_nz1024_ey8_s1,OV,nz_scan,nz1024,8,512,512,1024,1000000,1,1,02:00:00,regular,done,57011069,2.325726
OV_ny128_ey8_s2,OV,ny_scan,ny128,8,512,128,256,62500,2,1,00:30:00,regular,done,57085977,2.185006
OV_ny128_ey8_s3,OV,ny_scan,ny128,8,512,128,256,62500,3,1,00:30:00,regular,done,57085978,2.179731
OV_ny128_ey8_s4,OV,ny_scan,ny128,8,512,128,256,62500,4,1,00:30:00,regular,done,57085979,2.147866
OV_ny128_ey8_s5,OV,ny_scan,ny128,8,512,128,256,62500,5,1,00:30:00,regular,done,57085980,2.224264
OV_ny256_ey8_s2,OV,ny_scan,ny256,8,512,256,256,125000,2,1,00:30:00,regular,done,57085981,2.219081
OV_ny256_ey8_s3,OV,ny_scan,ny256,8,512,256,256,125000,3,1,00:30:00,regular,done,57085982,2.258634
OV_ny256_ey8_s4,OV,ny_scan,ny256,8,512,256,256,125000,4,1,00:30:00,regular,done,57085983,2.244635
OV_ny256_ey8_s5,OV,ny_scan,ny256,8,512,256,256,125000,5,1,00:30:00,regular,done,57085984,2.187476
OV_base512_ey8_s2,OV,baseline,base512,8,512,512,256,250000,2,1,00:30:00,regular,cancelled,57085985,
OV_base512_ey8_s3,OV,baseline,base512,8,512,512,256,250000,3,1,00:30:00,regular,cancelled,57085986,
OV_base512_ey8_s4,OV,baseline,base512,8,512,512,256,250000,4,1,00:30:00,regular,cancelled,57085987,
OV_base512_ey8_s5,OV,baseline,base512,8,512,512,256,250000,5,1,00:30:00,regular,cancelled,57085990,
OV_ny1024_ey8_s2,OV,ny_scan,ny1024,8,512,1024,256,500000,2,1,00:30:00,regular,cancelled,57085991,
OV_ny1024_ey8_s3,OV,ny_scan,ny1024,8,512,1024,256,500000,3,1,00:30:00,regular,cancelled,57085992,
OV_ny1024_ey8_s4,OV,ny_scan,ny1024,8,512,1024,256,500000,4,1,00:30:00,regular,cancelled,57085993,
OV_ny1024_ey8_s5,OV,ny_scan,ny1024,8,512,1024,256,500000,5,1,00:30:00,regular,cancelled,57085994,
OV_ny2048_ey8_s2,OV,ny_scan,ny2048,8,512,2048,256,1000000,2,1,00:30:00,regular,cancelled,57085995,
OV_ny2048_ey8_s3,OV,ny_scan,ny2048,8,512,2048,256,1000000,3,1,00:30:00,regular,cancelled,57085996,
OV_ny2048_ey8_s4,OV,ny_scan,ny2048,8,512,2048,256,1000000,4,1,00:30:00,regular,cancelled,57085997,
OV_ny2048_ey8_s5,OV,ny_scan,ny2048,8,512,2048,256,1000000,5,1,00:30:00,regular,cancelled,57085998,
OV_ny4096_ey8_s2,OV,ny_scan,ny4096,8,512,4096,256,2000000,2,2,00:45:00,regular,cancelled,57085999,
OV_ny4096_ey8_s3,OV,ny_scan,ny4096,8,512,4096,256,2000000,3,2,00:45:00,regular,cancelled,57086000,
OV_ny4096_ey8_s4,OV,ny_scan,ny4096,8,512,4096,256,2000000,4,2,00:45:00,regular,cancelled,57086001,
OV_ny4096_ey8_s5,OV,ny_scan,ny4096,8,512,4096,256,2000000,5,2,00:45:00,regular,cancelled,57086002,
P0_nm_1e9_ey8_s1,P0,A_nm,nm_1e9,8,8192,256,128,1000000000,1,16,01:00:00,regular,cancelled,57089202,
P1_nm_1e8_ey12_s1,P1,A_nm,nm_1e8,12,8192,256,128,100000000,1,4,00:30:00,regular,done,57089203,1.940588
P2_nm_1e8_ey16_s1,P2,A_nm,nm_1e8,16,8192,256,128,100000000,1,4,00:30:00,regular,done,57089204,1.618964
P2_nm_1e8_ey20_s1,P2,A_nm,nm_1e8,20,8192,256,128,100000000,1,4,00:30:00,regular,done,57089205,1.407833
P1_nm_1e9_ey12_s1,P1,A_nm,nm_1e9,12,8192,256,128,1000000000,1,16,01:00:00,regular,cancelled,57102755,
P2_nm_1e9_ey16_s1,P2,A_nm,nm_1e9,16,8192,256,128,1000000000,1,16,01:00:00,regular,cancelled,57126332,
P2_nm_1e9_ey20_s1,P2,A_nm,nm_1e9,20,8192,256,128,1000000000,1,16,01:00:00,regular,cancelled,57126333,
P2_nm_1e8_ey2_s1,P2,A_nm,nm_1e8,2,8192,256,128,100000000,1,4,00:30:00,regular,done,57126334,5.989448
P3_nm_1e8_ey1_s1,P3,A_nm,nm_1e8,1,8192,512,128,100000000,1,4,00:45:00,regular,done,57126335,9.186864
P3_nm_1e8_ey0p5_s1,P3,A_nm,nm_1e8,0.5,8192,512,128,100000000,1,4,00:45:00,regular,done,57126336,13.553029
PX_nx512_nm1e5_ey8_s1,PX,nxtest,nx512_nm1e5,8,512,256,128,100000,1,1,00:30:00,regular,done,57127150,2.302327
PX_nx512_nm1e5_ey8_s2,PX,nxtest,nx512_nm1e5,8,512,256,128,100000,2,1,00:30:00,regular,done,57127151,2.290284
PX_nx512_nm1e5_ey8_s3,PX,nxtest,nx512_nm1e5,8,512,256,128,100000,3,1,00:30:00,regular,done,57127152,2.307763
PX_nx512_nm1e6_ey8_s1,PX,nxtest,nx512_nm1e6,8,512,256,128,1000000,1,1,00:30:00,regular,done,57127153,2.344272
PX_nx512_nm1e6_ey8_s2,PX,nxtest,nx512_nm1e6,8,512,256,128,1000000,2,1,00:30:00,regular,done,57127154,2.340903
PX_nx512_nm1e6_ey8_s3,PX,nxtest,nx512_nm1e6,8,512,256,128,1000000,3,1,00:30:00,regular,done,57127155,2.338567
PX_nx512_nm1e7_ey8_s1,PX,nxtest,nx512_nm1e7,8,512,256,128,10000000,1,1,00:30:00,regular,done,57127156,2.349136
PX_nx512_nm1e7_ey8_s2,PX,nxtest,nx512_nm1e7,8,512,256,128,10000000,2,1,00:30:00,regular,done,57127157,2.346822
PX_nx512_nm1e7_ey8_s3,PX,nxtest,nx512_nm1e7,8,512,256,128,10000000,3,1,00:30:00,regular,done,57127158,2.347953
PX_nx512_nm1e8_ey8_s1,PX,nxtest,nx512_nm1e8,8,512,256,128,100000000,1,2,00:30:00,regular,done,57127159,2.347994
PX_nx1024_nm1e6_ey8_s1,PX,nxtest,nx1024_nm1e6,8,1024,256,128,1000000,1,1,00:30:00,regular,done,57127160,2.342114
PX_nx1024_nm1e7_ey8_s1,PX,nxtest,nx1024_nm1e7,8,1024,256,128,10000000,1,1,00:30:00,regular,done,57127161,2.354866
PX_nx1024_nm1e8_ey8_s1,PX,nxtest,nx1024_nm1e8,8,1024,256,128,100000000,1,2,00:30:00,regular,done,57127162,2.353940
PX_nx2048_nm1e6_ey8_s1,PX,nxtest,nx2048_nm1e6,8,2048,256,128,1000000,1,1,00:30:00,regular,done,57127163,2.413805
PX_nx2048_nm1e7_ey8_s1,PX,nxtest,nx2048_nm1e7,8,2048,256,128,10000000,1,1,00:30:00,regular,done,57127164,2.384756
PX_nx2048_nm1e8_ey8_s1,PX,nxtest,nx2048_nm1e8,8,2048,256,128,100000000,1,2,00:30:00,regular,done,57127165,2.358843
PX_nx4096_nm1e6_ey8_s1,PX,nxtest,nx4096_nm1e6,8,4096,256,128,1000000,1,1,00:30:00,regular,done,57161661,2.705623
PX_nx4096_nm1e7_ey8_s1,PX,nxtest,nx4096_nm1e7,8,4096,256,128,10000000,1,1,00:30:00,regular,done,57161662,2.537947
PX_nx4096_nm1e8_ey8_s1,PX,nxtest,nx4096_nm1e8,8,4096,256,128,100000000,1,2,00:30:00,regular,done,57161663,2.402692
PX_nx64_nm1e5_ey8_s1,PX,nxtest,nx64_nm1e5,8,64,256,128,100000,1,1,00:30:00,regular,done,57161664,2.194585
PX_nx64_nm1e6_ey8_s1,PX,nxtest,nx64_nm1e6,8,64,256,128,1000000,1,1,00:30:00,regular,done,57161665,2.212809
PX_nx64_nm1e7_ey8_s1,PX,nxtest,nx64_nm1e7,8,64,256,128,10000000,1,1,00:30:00,regular,done,57161667,2.213313
PX_nx64_nm1e8_ey8_s1,PX,nxtest,nx64_nm1e8,8,64,256,128,100000000,1,2,00:30:00,regular,done,57161668,2.211838
PX_nx128_nm1e5_ey8_s1,PX,nxtest,nx128_nm1e5,8,128,256,128,100000,1,1,00:30:00,regular,done,57161669,2.269871
PX_nx128_nm1e6_ey8_s1,PX,nxtest,nx128_nm1e6,8,128,256,128,1000000,1,1,00:30:00,regular,done,57161670,2.302209
PX_nx128_nm1e7_ey8_s1,PX,nxtest,nx128_nm1e7,8,128,256,128,10000000,1,1,00:30:00,regular,done,57161671,2.301490
PX_nx128_nm1e8_ey8_s1,PX,nxtest,nx128_nm1e8,8,128,256,128,100000000,1,2,00:30:00,regular,done,57161672,2.299800
PX_nx256_nm1e5_ey8_s1,PX,nxtest,nx256_nm1e5,8,256,256,128,100000,1,1,00:30:00,regular,done,57161673,2.296272
PX_nx256_nm1e6_ey8_s1,PX,nxtest,nx256_nm1e6,8,256,256,128,1000000,1,1,00:30:00,regular,done,57161674,2.336398
PX_nx256_nm1e7_ey8_s1,PX,nxtest,nx256_nm1e7,8,256,256,128,10000000,1,1,00:30:00,regular,done,57161675,2.336005
PX_nx256_nm1e8_ey8_s1,PX,nxtest,nx256_nm1e8,8,256,256,128,100000000,1,2,00:30:00,regular,done,57161676,2.334482
PX_nx1024_nm1e5_ey8_s1,PX,nxtest,nx1024_nm1e5,8,1024,256,128,100000,1,1,00:30:00,regular,done,57161677,2.313720
PX_nx2048_nm1e5_ey8_s1,PX,nxtest,nx2048_nm1e5,8,2048,256,128,100000,1,1,00:30:00,regular,done,57161678,2.647224
P1_n512_nm1e5_ey12_s1,P1,A_nm,n512_nm1e5,12,512,256,128,100000,1,1,00:30:00,regular,done,57162272,1.827264
P1_n512_nm1e6_ey12_s1,P1,A_nm,n512_nm1e6,12,512,256,128,1000000,1,1,00:30:00,regular,done,57162273,1.849900
P1_n512_nm1e7_ey12_s1,P1,A_nm,n512_nm1e7,12,512,256,128,10000000,1,1,00:30:00,regular,done,57162275,1.852032
P1_n512_nm1e8_ey12_s1,P1,A_nm,n512_nm1e8,12,512,256,128,100000000,1,2,00:30:00,regular,done,57162276,1.850945
P2_n512_nm1e5_ey16_s1,P2,A_nm,n512_nm1e5,16,512,256,128,100000,1,1,00:30:00,regular,done,57162278,1.550174
P2_n512_nm1e6_ey16_s1,P2,A_nm,n512_nm1e6,16,512,256,128,1000000,1,1,00:30:00,regular,done,57162280,1.562181
P2_n512_nm1e7_ey16_s1,P2,A_nm,n512_nm1e7,16,512,256,128,10000000,1,1,00:30:00,regular,done,57162281,1.563770
P2_n512_nm1e8_ey16_s1,P2,A_nm,n512_nm1e8,16,512,256,128,100000000,1,2,00:30:00,regular,done,57162282,1.562937
P2_n512_nm1e5_ey20_s1,P2,A_nm,n512_nm1e5,20,512,256,128,100000,1,1,00:30:00,regular,done,57162283,1.363723
P2_n512_nm1e6_ey20_s1,P2,A_nm,n512_nm1e6,20,512,256,128,1000000,1,1,00:30:00,regular,done,57162284,1.370234
P2_n512_nm1e7_ey20_s1,P2,A_nm,n512_nm1e7,20,512,256,128,10000000,1,1,00:30:00,regular,done,57162285,1.371423
P2_n512_nm1e8_ey20_s1,P2,A_nm,n512_nm1e8,20,512,256,128,100000000,1,2,00:30:00,regular,done,57162286,1.370802
P0_n512_nm1e3_ey8_s1,P0,A_nm,n512_nm1e3,8,512,256,128,1000,1,1,00:30:00,regular,done,57162354,1.786760
P0_n512_nm1e4_ey8_s1,P0,A_nm,n512_nm1e4,8,512,256,128,10000,1,1,00:30:00,regular,done,57162356,2.097159
P1_n512_nm1e3_ey12_s1,P1,A_nm,n512_nm1e3,12,512,256,128,1000,1,1,00:30:00,regular,done,57162358,1.552501
P1_n512_nm1e4_ey12_s1,P1,A_nm,n512_nm1e4,12,512,256,128,10000,1,1,00:30:00,regular,done,57162359,1.726928
P2_n512_nm1e3_ey16_s1,P2,A_nm,n512_nm1e3,16,512,256,128,1000,1,1,00:30:00,regular,done,57162360,1.376936
P2_n512_nm1e4_ey16_s1,P2,A_nm,n512_nm1e4,16,512,256,128,10000,1,1,00:30:00,regular,done,57162361,1.492712
P2_n512_nm1e3_ey20_s1,P2,A_nm,n512_nm1e3,20,512,256,128,1000,1,1,00:30:00,regular,done,57162362,1.203771
P2_n512_nm1e4_ey20_s1,P2,A_nm,n512_nm1e4,20,512,256,128,10000,1,1,00:30:00,regular,done,57162363,1.317247
P1_n512_nm1e4_ey4_s1,P1,A_nm,n512_nm1e4,4,512,256,128,10000,1,1,00:30:00,regular,done,57174210,2.808140
P1_n512_nm1e5_ey4_s1,P1,A_nm,n512_nm1e5,4,512,256,128,100000,1,1,00:30:00,regular,done,57174211,3.401108
P1_n512_nm1e6_ey4_s1,P1,A_nm,n512_nm1e6,4,512,256,128,1000000,1,1,00:30:00,regular,done,57174212,3.494013
P1_n512_nm1e7_ey4_s1,P1,A_nm,n512_nm1e7,4,512,256,128,10000000,1,1,00:30:00,regular,done,57174213,3.519801
P1_n512_nm1e8_ey4_s1,P1,A_nm,n512_nm1e8,4,512,256,128,100000000,1,2,00:30:00,regular,done,57174214,3.520902
P2_n512_nm1e4_ey2_s1,P2,A_nm,n512_nm1e4,2,512,512,128,10000,1,1,00:30:00,regular,done,57174215,3.638034
P2_n512_nm1e5_ey2_s1,P2,A_nm,n512_nm1e5,2,512,512,128,100000,1,1,00:30:00,regular,done,57174216,5.090671
P2_n512_nm1e6_ey2_s1,P2,A_nm,n512_nm1e6,2,512,512,128,1000000,1,1,00:30:00,regular,done,57174217,5.274000
P2_n512_nm1e7_ey2_s1,P2,A_nm,n512_nm1e7,2,512,512,128,10000000,1,1,00:30:00,regular,done,57174219,5.322611
P2_n512_nm1e8_ey2_s1,P2,A_nm,n512_nm1e8,2,512,512,128,100000000,1,2,00:30:00,regular,done,57174220,5.324744
P3_n512_nm1e5_ey1_s1,P3,A_nm,n512_nm1e5,1,512,512,128,100000,1,1,00:30:00,regular,done,57174221,7.635147
P3_n512_nm1e6_ey1_s1,P3,A_nm,n512_nm1e6,1,512,512,128,1000000,1,1,00:30:00,regular,done,57174222,7.895432
P3_n512_nm1e7_ey1_s1,P3,A_nm,n512_nm1e7,1,512,512,128,10000000,1,1,00:30:00,regular,done,57174223,7.950636
P3_n512_nm1e8_ey1_s1,P3,A_nm,n512_nm1e8,1,512,512,128,100000000,1,2,00:45:00,regular,done,57174224,7.947917
P3_n512_nm1e5_ey0p5_s1,P3,A_nm,n512_nm1e5,0.5,512,512,128,100000,1,1,00:30:00,regular,done,57174225,11.469126
P3_n512_nm1e6_ey0p5_s1,P3,A_nm,n512_nm1e6,0.5,512,512,128,1000000,1,1,00:30:00,regular,done,57174226,11.761226
P3_n512_nm1e7_ey0p5_s1,P3,A_nm,n512_nm1e7,0.5,512,512,128,10000000,1,1,00:30:00,regular,done,57174227,11.782481
P3_n512_nm1e8_ey0p5_s1,P3,A_nm,n512_nm1e8,0.5,512,512,128,100000000,1,2,00:45:00,regular,done,57174228,11.780423
P1_n512_nm3e4_ey4_s1,P1,A_nm,n512_nm3e4,4,512,256,128,30000,1,1,00:30:00,regular,done,57190668,3.326475
P0_n512_nm3e4_ey8_s1,P0,A_nm,n512_nm3e4,8,512,256,128,30000,1,1,00:30:00,regular,done,57190669,2.260773
P1_n512_nm3e4_ey12_s1,P1,A_nm,n512_nm3e4,12,512,256,128,30000,1,1,00:30:00,regular,done,57190677,1.793137
P2_n512_nm3e4_ey16_s1,P2,A_nm,n512_nm3e4,16,512,256,128,30000,1,1,00:30:00,regular,done,57190678,1.526210
P2_n512_nm3e4_ey20_s1,P2,A_nm,n512_nm3e4,20,512,256,128,30000,1,1,00:30:00,regular,done,57190679,1.345441
P2_n512_nm3e4_ey2_s1,P2,A_nm,n512_nm3e4,2,512,512,128,30000,1,1,00:30:00,regular,done,57190757,4.739392
P3_n512_nm3e4_ey1_s1,P3,A_nm,n512_nm3e4,1,512,512,128,30000,1,1,00:30:00,regular,done,57190758,6.901178
P3_n512_nm5p27e4_ey0p5_s1,P3,A_nm,n512_nm5p27e4,0.5,512,512,128,52700,1,1,00:30:00,regular,done,57207148,11.373393
P3_n512_nm5p27e4_ey1_s1,P3,A_nm,n512_nm5p27e4,1,512,512,128,52700,1,1,00:30:00,regular,done,57207149,7.665936
P2_n512_nm5p27e4_ey2_s1,P2,A_nm,n512_nm5p27e4,2,512,512,128,52700,1,1,00:30:00,regular,done,57207150,5.214591
P1_n512_nm5p27e4_ey4_s1,P1,A_nm,n512_nm5p27e4,4,512,256,128,52700,1,1,00:30:00,regular,done,57207152,3.429789
P0_n512_nm1p7e4_ey8_s1,P0,A_nm,n512_nm1p7e4,8,512,256,128,17000,1,1,00:30:00,regular,done,57207153,2.243714
P1_n512_nm1p7e4_ey12_s1,P1,A_nm,n512_nm1p7e4,12,512,256,128,17000,1,1,00:30:00,regular,done,57207154,1.795094
P2_n512_nm3e3_ey16_s1,P2,A_nm,n512_nm3e3,16,512,256,128,3000,1,1,00:30:00,regular,done,57207155,1.456360
P2_n512_nm3e3_ey20_s1,P2,A_nm,n512_nm3e3,20,512,256,128,3000,1,1,00:30:00,regular,done,57207156,1.296162
P3_n512_nm3e4_ey0p5_s1,P3,A_nm,n512_nm3e4,0.5,512,512,128,30000,1,1,00:30:00,regular,done,57207535,10.952951
P3_n512_nm4e4_ey1_s1,P3,A_nm,n512_nm4e4,1,512,512,128,39800,1,1,00:30:00,regular,done,57207742,7.295641
P2_n512_nm4e4_ey2_s1,P2,A_nm,n512_nm4e4,2,512,512,128,39800,1,1,00:30:00,regular,done,57207743,4.833496
P0_n512_nm1p3e4_ey8_s1,P0,A_nm,n512_nm1p3e4,8,512,256,128,13000,1,1,00:30:00,regular,done,57207744,2.123159
P3_n512_nm3e4_ey0p5_s2,P3,A_nm,n512_nm3e4,0.5,512,512,128,30000,2,1,00:30:00,regular,done,57207746,10.712151
P3_n512_nm3e4_ey0p5_s3,P3,A_nm,n512_nm3e4,0.5,512,512,128,30000,3,1,00:30:00,regular,done,57207748,11.016565
P3_n512_nm3e4_ey0p5_s4,P3,A_nm,n512_nm3e4,0.5,512,512,128,30000,4,1,00:30:00,regular,done,57207749,11.030732
P3_n512_nm3e4_ey0p5_s5,P3,A_nm,n512_nm3e4,0.5,512,512,128,30000,5,1,00:30:00,regular,done,57207750,10.575207
P3_n512_nm5p27e4_ey0p5_s2,P3,A_nm,n512_nm5p27e4,0.5,512,512,128,52700,2,1,00:30:00,regular,done,57207751,11.150116
P3_n512_nm5p27e4_ey0p5_s3,P3,A_nm,n512_nm5p27e4,0.5,512,512,128,52700,3,1,00:30:00,regular,done,57207752,11.289233
P3_n512_nm5p27e4_ey0p5_s4,P3,A_nm,n512_nm5p27e4,0.5,512,512,128,52700,4,1,00:30:00,regular,done,57207753,11.164549
P3_n512_nm5p27e4_ey0p5_s5,P3,A_nm,n512_nm5p27e4,0.5,512,512,128,52700,5,1,00:30:00,regular,done,57207754,11.091030
P1_n512_nm3e4_ey4_s2,P1,A_nm,n512_nm3e4,4,512,256,128,30000,2,1,00:30:00,regular,done,57207755,3.226511
P1_n512_nm3e4_ey4_s3,P1,A_nm,n512_nm3e4,4,512,256,128,30000,3,1,00:30:00,regular,done,57207756,3.238006
P1_n512_nm3e4_ey4_s4,P1,A_nm,n512_nm3e4,4,512,256,128,30000,4,1,00:30:00,regular,done,57207757,3.351209
P1_n512_nm3e4_ey4_s5,P1,A_nm,n512_nm3e4,4,512,256,128,30000,5,1,00:30:00,regular,done,57207758,3.230965
P1_n512_nm5p27e4_ey4_s2,P1,A_nm,n512_nm5p27e4,4,512,256,128,52700,2,1,00:30:00,regular,done,57207759,3.333349
P1_n512_nm5p27e4_ey4_s3,P1,A_nm,n512_nm5p27e4,4,512,256,128,52700,3,1,00:30:00,regular,done,57207760,3.228054
P1_n512_nm5p27e4_ey4_s4,P1,A_nm,n512_nm5p27e4,4,512,256,128,52700,4,1,00:30:00,regular,done,57207761,3.251811
P1_n512_nm5p27e4_ey4_s5,P1,A_nm,n512_nm5p27e4,4,512,256,128,52700,5,1,00:30:00,regular,done,57207762,3.248688
P1_n512_nm1e4_ey12_s2,P1,A_nm,n512_nm1e4,12,512,256,128,10000,2,1,00:30:00,regular,done,57207763,1.671880
P1_n512_nm1e4_ey12_s3,P1,A_nm,n512_nm1e4,12,512,256,128,10000,3,1,00:30:00,regular,done,57207764,1.791914
P1_n512_nm1e4_ey12_s4,P1,A_nm,n512_nm1e4,12,512,256,128,10000,4,1,00:30:00,regular,done,57207765,1.691915
P1_n512_nm1e4_ey12_s5,P1,A_nm,n512_nm1e4,12,512,256,128,10000,5,1,00:30:00,regular,done,57207766,1.778948
P1_n512_nm1p7e4_ey12_s2,P1,A_nm,n512_nm1p7e4,12,512,256,128,17000,2,1,00:30:00,regular,done,57207767,1.754256
P1_n512_nm1p7e4_ey12_s3,P1,A_nm,n512_nm1p7e4,12,512,256,128,17000,3,1,00:30:00,regular,done,57207768,1.810389
P1_n512_nm1p7e4_ey12_s4,P1,A_nm,n512_nm1p7e4,12,512,256,128,17000,4,1,00:30:00,regular,done,57207769,1.811209
P1_n512_nm1p7e4_ey12_s5,P1,A_nm,n512_nm1p7e4,12,512,256,128,17000,5,1,00:30:00,regular,done,57207770,1.800034
P2_n512_nm3e3_ey16_s2,P2,A_nm,n512_nm3e3,16,512,256,128,3000,2,1,00:30:00,regular,done,57207771,1.403961
P2_n512_nm3e3_ey16_s3,P2,A_nm,n512_nm3e3,16,512,256,128,3000,3,1,00:30:00,regular,done,57207772,1.379338
P2_n512_nm3e3_ey16_s4,P2,A_nm,n512_nm3e3,16,512,256,128,3000,4,1,00:30:00,regular,done,57207773,1.450655
P2_n512_nm3e3_ey16_s5,P2,A_nm,n512_nm3e3,16,512,256,128,3000,5,1,00:30:00,regular,done,57207774,1.394652
P2_n512_nm1e4_ey16_s2,P2,A_nm,n512_nm1e4,16,512,256,128,10000,2,1,00:30:00,regular,done,57207775,1.438283
P2_n512_nm1e4_ey16_s3,P2,A_nm,n512_nm1e4,16,512,256,128,10000,3,1,00:30:00,regular,done,57207776,1.524115
P2_n512_nm1e4_ey16_s4,P2,A_nm,n512_nm1e4,16,512,256,128,10000,4,1,00:30:00,regular,done,57207777,1.477551
P2_n512_nm1e4_ey16_s5,P2,A_nm,n512_nm1e4,16,512,256,128,10000,5,1,00:30:00,regular,done,57207778,1.529507
P2_n512_nm3e3_ey20_s2,P2,A_nm,n512_nm3e3,20,512,256,128,3000,2,1,00:30:00,regular,done,57207779,1.286762
P2_n512_nm3e3_ey20_s3,P2,A_nm,n512_nm3e3,20,512,256,128,3000,3,1,00:30:00,regular,done,57207780,1.232644
P2_n512_nm3e3_ey20_s4,P2,A_nm,n512_nm3e3,20,512,256,128,3000,4,1,00:30:00,regular,done,57207781,1.319932
P2_n512_nm3e3_ey20_s5,P2,A_nm,n512_nm3e3,20,512,256,128,3000,5,1,00:30:00,regular,done,57207782,1.255204
P2_n512_nm1e4_ey20_s2,P2,A_nm,n512_nm1e4,20,512,256,128,10000,2,1,00:30:00,regular,done,57207783,1.278705
P2_n512_nm1e4_ey20_s3,P2,A_nm,n512_nm1e4,20,512,256,128,10000,3,1,00:30:00,regular,done,57207784,1.345964
P2_n512_nm1e4_ey20_s4,P2,A_nm,n512_nm1e4,20,512,256,128,10000,4,1,00:30:00,regular,done,57207785,1.320015
P2_n512_nm1e4_ey20_s5,P2,A_nm,n512_nm1e4,20,512,256,128,10000,5,1,00:30:00,regular,done,57207786,1.352502
PY_ny256_nm3e4_ey2_s1,PY,nytest,ny256_nm3e4,2,512,256,128,30000,1,1,00:30:00,regular,done,57208039,4.669654
PY_ny256_nm1e5_ey2_s1,PY,nytest,ny256_nm1e5,2,512,256,128,100000,1,1,00:30:00,regular,done,57208040,5.015321
PY_ny256_nm1e7_ey2_s1,PY,nytest,ny256_nm1e7,2,512,256,128,10000000,1,1,00:30:00,regular,done,57208041,5.267536
P0_n512_nm1p3e4_ey8_s2,P0,A_nm,n512_nm1p3e4,8,512,256,128,13000,2,1,00:30:00,regular,done,57208081,2.190122
P0_n512_nm1p3e4_ey8_s3,P0,A_nm,n512_nm1p3e4,8,512,256,128,13000,3,1,00:30:00,regular,done,57208082,2.202640
P0_n512_nm1p3e4_ey8_s4,P0,A_nm,n512_nm1p3e4,8,512,256,128,13000,4,1,00:30:00,regular,done,57208083,2.218154
P0_n512_nm1p3e4_ey8_s5,P0,A_nm,n512_nm1p3e4,8,512,256,128,13000,5,1,00:30:00,regular,done,57208084,2.181370
P0_n512_nm1p7e4_ey8_s2,P0,A_nm,n512_nm1p7e4,8,512,256,128,17000,2,1,00:30:00,regular,done,57208085,2.188256
P0_n512_nm1p7e4_ey8_s3,P0,A_nm,n512_nm1p7e4,8,512,256,128,17000,3,1,00:30:00,regular,done,57208088,2.232499
P0_n512_nm1p7e4_ey8_s4,P0,A_nm,n512_nm1p7e4,8,512,256,128,17000,4,1,00:30:00,regular,done,57208089,2.258162
P0_n512_nm1p7e4_ey8_s5,P0,A_nm,n512_nm1p7e4,8,512,256,128,17000,5,1,00:30:00,regular,done,57208090,2.236202
P2_n512_nm4e4_ey2_s2,P2,A_nm,n512_nm4e4,2,512,512,128,39800,2,1,00:30:00,regular,done,57208091,4.936035
P2_n512_nm4e4_ey2_s3,P2,A_nm,n512_nm4e4,2,512,512,128,39800,3,1,00:30:00,regular,done,57208092,4.614802
P2_n512_nm4e4_ey2_s4,P2,A_nm,n512_nm4e4,2,512,512,128,39800,4,1,00:30:00,regular,done,57208093,4.712843
P2_n512_nm4e4_ey2_s5,P2,A_nm,n512_nm4e4,2,512,512,128,39800,5,1,00:30:00,regular,done,57208094,4.391909
P2_n512_nm5p27e4_ey2_s2,P2,A_nm,n512_nm5p27e4,2,512,512,128,52700,2,1,00:30:00,regular,done,57208095,4.951751
P2_n512_nm5p27e4_ey2_s3,P2,A_nm,n512_nm5p27e4,2,512,512,128,52700,3,1,00:30:00,regular,done,57208096,4.691159
P2_n512_nm5p27e4_ey2_s4,P2,A_nm,n512_nm5p27e4,2,512,512,128,52700,4,1,00:30:00,regular,done,57208097,4.882104
P2_n512_nm5p27e4_ey2_s5,P2,A_nm,n512_nm5p27e4,2,512,512,128,52700,5,1,00:30:00,regular,done,57208098,4.589107
P3_n512_nm4e4_ey1_s2,P3,A_nm,n512_nm4e4,1,512,512,128,39800,2,1,00:30:00,regular,done,57208099,7.121285
P3_n512_nm4e4_ey1_s3,P3,A_nm,n512_nm4e4,1,512,512,128,39800,3,1,00:30:00,regular,done,57208100,7.001729
P3_n512_nm4e4_ey1_s4,P3,A_nm,n512_nm4e4,1,512,512,128,39800,4,1,00:30:00,regular,done,57208101,6.878631
P3_n512_nm4e4_ey1_s5,P3,A_nm,n512_nm4e4,1,512,512,128,39800,5,1,00:30:00,regular,done,57208102,6.583217
P3_n512_nm5p27e4_ey1_s2,P3,A_nm,n512_nm5p27e4,1,512,512,128,52700,2,1,00:30:00,regular,done,57208103,7.367084
P3_n512_nm5p27e4_ey1_s3,P3,A_nm,n512_nm5p27e4,1,512,512,128,52700,3,1,00:30:00,regular,done,57208104,7.139527
P3_n512_nm5p27e4_ey1_s4,P3,A_nm,n512_nm5p27e4,1,512,512,128,52700,4,1,00:30:00,regular,done,57208105,7.492821
P3_n512_nm5p27e4_ey1_s5,P3,A_nm,n512_nm5p27e4,1,512,512,128,52700,5,1,00:30:00,regular,done,57208106,6.963147
P2_y256_nm5e4_ey2_s1,P2,A_nm,y256_nm5e4,2,512,256,128,50000,1,1,00:30:00,regular,done,57209286,5.113274
P2_y256_nm1e8_ey2_s1,P2,A_nm,y256_nm1e8,2,512,256,128,100000000,1,2,00:30:00,regular,done,57209287,5.272243
P3_y256_nm3e4_ey1_s1,P3,A_nm,y256_nm3e4,1,512,256,128,30000,1,1,00:30:00,regular,done,57209288,6.673415
P3_y256_nm5e4_ey1_s1,P3,A_nm,y256_nm5e4,1,512,256,128,50000,1,1,00:30:00,regular,done,57209289,7.530843
P3_y256_nm1e5_ey1_s1,P3,A_nm,y256_nm1e5,1,512,256,128,100000,1,1,00:30:00,regular,done,57209290,7.492059
P3_y256_nm1e7_ey1_s1,P3,A_nm,y256_nm1e7,1,512,256,128,10000000,1,1,00:30:00,regular,done,57209291,7.870344
P3_y256_nm1e8_ey1_s1,P3,A_nm,y256_nm1e8,1,512,256,128,100000000,1,2,00:30:00,regular,done,57209292,7.869754
P1_n512_nm1e5_ey4_s2,P1,A_nm,n512_nm1e5,4,512,256,128,100000,2,1,00:30:00,regular,done,57209655,3.347104
P1_n512_nm1e5_ey4_s3,P1,A_nm,n512_nm1e5,4,512,256,128,100000,3,1,00:30:00,regular,done,57209656,3.373066
P1_n512_nm1e5_ey4_s4,P1,A_nm,n512_nm1e5,4,512,256,128,100000,4,1,00:30:00,regular,done,57209657,3.338750
P1_n512_nm1e5_ey4_s5,P1,A_nm,n512_nm1e5,4,512,256,128,100000,5,1,00:30:00,regular,done,57209659,3.302012
P2_ny128_ey20_s1,P2,B_ny,ny128,20,512,128,128,10000,1,1,00:30:00,regular,done,57209668,1.287697
P2_ny256_ey20_s1,P2,B_ny,ny256,20,512,256,128,10000,1,1,00:30:00,regular,done,57209669,1.315446
P2_ny512_ey20_s1,P2,B_ny,ny512,20,512,512,128,10000,1,1,00:30:00,regular,done,57209670,1.321731
P2_ny1024_ey20_s1,P2,B_ny,ny1024,20,512,1024,128,10000,1,1,00:30:00,regular,done,57209671,1.337153
P2_ny128_ey16_s1,P2,B_ny,ny128,16,512,128,128,14000,1,1,00:30:00,regular,done,57209672,1.498184
P2_ny256_ey16_s1,P2,B_ny,ny256,16,512,256,128,14000,1,1,00:30:00,regular,done,57209673,1.532965
P2_ny512_ey16_s1,P2,B_ny,ny512,16,512,512,128,14000,1,1,00:30:00,regular,done,57209674,1.536192
P2_ny1024_ey16_s1,P2,B_ny,ny1024,16,512,1024,128,14000,1,1,00:30:00,regular,done,57209675,1.543307
P1_ny128_ey12_s1,P1,B_ny,ny128,12,512,128,128,22000,1,1,00:30:00,regular,done,57209676,1.743848
P1_ny256_ey12_s1,P1,B_ny,ny256,12,512,256,128,22000,1,1,00:30:00,regular,done,57209677,1.782959
P1_ny512_ey12_s1,P1,B_ny,ny512,12,512,512,128,22000,1,1,00:30:00,regular,done,57209678,1.787185
P1_ny1024_ey12_s1,P1,B_ny,ny1024,12,512,1024,128,22000,1,1,00:30:00,regular,done,57209679,1.793510
P0_ny128_ey8_s1,P0,B_ny,ny128,8,512,128,128,40000,1,1,00:30:00,regular,done,57209680,2.257575
P0_ny256_ey8_s1,P0,B_ny,ny256,8,512,256,128,40000,1,1,00:30:00,regular,done,57209681,2.315131
P0_ny512_ey8_s1,P0,B_ny,ny512,8,512,512,128,40000,1,1,00:30:00,regular,done,57209682,2.330195
P0_ny1024_ey8_s1,P0,B_ny,ny1024,8,512,1024,128,40000,1,1,00:30:00,regular,done,57209683,2.331411
P1_ny128_ey4_s1,P1,B_ny,ny128,4,512,128,128,110000,1,1,00:30:00,regular,done,57209684,3.305378
P1_ny256_ey4_s1,P1,B_ny,ny256,4,512,256,128,110000,1,1,00:30:00,regular,done,57209685,3.397291
P1_ny512_ey4_s1,P1,B_ny,ny512,4,512,512,128,110000,1,1,00:30:00,regular,done,57209686,3.431749
P1_ny1024_ey4_s1,P1,B_ny,ny1024,4,512,1024,128,110000,1,1,00:30:00,regular,done,57209688,3.441978
P2_ny128_ey2_s1,P2,B_ny,ny128,2,512,128,128,310000,1,1,00:30:00,regular,done,57209689,4.886601
P2_ny256_ey2_s1,P2,B_ny,ny256,2,512,256,128,310000,1,1,00:30:00,regular,done,57209690,5.080070
P2_ny512_ey2_s1,P2,B_ny,ny512,2,512,512,128,310000,1,1,00:30:00,regular,done,57209691,5.149638
P2_ny1024_ey2_s1,P2,B_ny,ny1024,2,512,1024,128,310000,1,1,00:30:00,regular,done,57209692,5.171915
P3_ny128_ey1_s1,P3,B_ny,ny128,1,512,128,128,880000,1,1,00:30:00,regular,done,57209693,7.546230
P3_ny256_ey1_s1,P3,B_ny,ny256,1,512,256,128,880000,1,1,00:30:00,regular,done,57209694,7.837056
P3_ny512_ey1_s1,P3,B_ny,ny512,1,512,512,128,880000,1,1,00:30:00,regular,done,57209695,7.925408
P3_ny1024_ey1_s1,P3,B_ny,ny1024,1,512,1024,128,880000,1,1,00:30:00,regular,done,57209696,7.950164
P3_ny128_ey0p5_s1,P3,B_ny,ny128,0.5,512,128,128,2500000,1,1,00:30:00,regular,done,57209697,11.237129
P3_ny256_ey0p5_s1,P3,B_ny,ny256,0.5,512,256,128,2500000,1,1,00:30:00,regular,done,57209698,11.641979
P3_ny512_ey0p5_s1,P3,B_ny,ny512,0.5,512,512,128,2500000,1,1,00:30:00,regular,done,57209699,11.746982
P3_ny1024_ey0p5_s1,P3,B_ny,ny1024,0.5,512,1024,128,2500000,1,1,00:30:00,regular,done,57209700,11.770035
P2_n512_nm1e7_ey20_s2,P2,A_nm,n512_nm1e7,20,512,256,128,10000000,2,1,00:30:00,regular,done,57210197,1.369793
P2_n512_nm1e7_ey20_s3,P2,A_nm,n512_nm1e7,20,512,256,128,10000000,3,1,00:30:00,regular,done,57210198,1.370966
P2_n512_nm1e8_ey20_s2,P2,A_nm,n512_nm1e8,20,512,256,128,100000000,2,2,00:30:00,regular,done,57210199,1.370757
P2_n512_nm1e8_ey20_s3,P2,A_nm,n512_nm1e8,20,512,256,128,100000000,3,2,00:30:00,regular,done,57210200,1.370911
P2_n512_nm1e7_ey16_s2,P2,A_nm,n512_nm1e7,16,512,256,128,10000000,2,1,00:30:00,regular,done,57210201,1.561896
P2_n512_nm1e7_ey16_s3,P2,A_nm,n512_nm1e7,16,512,256,128,10000000,3,1,00:30:00,regular,done,57210202,1.563134
P2_n512_nm1e8_ey16_s2,P2,A_nm,n512_nm1e8,16,512,256,128,100000000,2,2,00:30:00,regular,done,57210203,1.562856
P2_n512_nm1e8_ey16_s3,P2,A_nm,n512_nm1e8,16,512,256,128,100000000,3,2,00:30:00,regular,done,57210204,1.563066
P1_n512_nm1e7_ey12_s2,P1,A_nm,n512_nm1e7,12,512,256,128,10000000,2,1,00:30:00,regular,done,57210205,1.849883
P1_n512_nm1e7_ey12_s3,P1,A_nm,n512_nm1e7,12,512,256,128,10000000,3,1,00:30:00,regular,done,57210206,1.851270
P1_n512_nm1e8_ey12_s2,P1,A_nm,n512_nm1e8,12,512,256,128,100000000,2,2,00:30:00,regular,done,57210207,1.850827
P1_n512_nm1e8_ey12_s3,P1,A_nm,n512_nm1e8,12,512,256,128,100000000,3,2,00:30:00,regular,done,57210208,1.851102
P0_n512_nm1e7_ey8_s2,P0,A_nm,n512_nm1e7,8,512,256,128,10000000,2,1,00:30:00,regular,cancelled,57210209,
P0_n512_nm1e7_ey8_s3,P0,A_nm,n512_nm1e7,8,512,256,128,10000000,3,1,00:30:00,regular,cancelled,57210210,
P0_n512_nm1e8_ey8_s2,P0,A_nm,n512_nm1e8,8,512,256,128,100000000,2,2,00:30:00,regular,done,57210211,2.347865
P0_n512_nm1e8_ey8_s3,P0,A_nm,n512_nm1e8,8,512,256,128,100000000,3,2,00:30:00,regular,done,57210212,2.348173
P1_n512_nm1e7_ey4_s2,P1,A_nm,n512_nm1e7,4,512,256,128,10000000,2,1,00:30:00,regular,done,57210213,3.519239
P1_n512_nm1e7_ey4_s3,P1,A_nm,n512_nm1e7,4,512,256,128,10000000,3,1,00:30:00,regular,done,57210214,3.518979
P1_n512_nm1e8_ey4_s2,P1,A_nm,n512_nm1e8,4,512,256,128,100000000,2,2,00:30:00,regular,done,57210215,3.521457
P1_n512_nm1e8_ey4_s3,P1,A_nm,n512_nm1e8,4,512,256,128,100000000,3,2,00:30:00,regular,done,57210216,3.521305
P2_y256_nm1e7_ey2_s2,P2,A_nm,y256_nm1e7,2,512,256,128,10000000,2,1,00:30:00,regular,done,57210217,5.267458
P2_y256_nm1e7_ey2_s3,P2,A_nm,y256_nm1e7,2,512,256,128,10000000,3,1,00:30:00,regular,done,57210218,5.258878
P2_y256_nm1e8_ey2_s2,P2,A_nm,y256_nm1e8,2,512,256,128,100000000,2,2,00:30:00,regular,done,57210219,5.272872
P2_y256_nm1e8_ey2_s3,P2,A_nm,y256_nm1e8,2,512,256,128,100000000,3,2,00:30:00,regular,done,57210220,5.272322
P3_y256_nm1e7_ey1_s2,P3,A_nm,y256_nm1e7,1,512,256,128,10000000,2,1,00:30:00,regular,done,57210221,7.864768
P3_y256_nm1e7_ey1_s3,P3,A_nm,y256_nm1e7,1,512,256,128,10000000,3,1,00:30:00,regular,done,57210222,7.846020
P3_y256_nm1e8_ey1_s2,P3,A_nm,y256_nm1e8,1,512,256,128,100000000,2,2,00:30:00,regular,done,57210223,7.867904
P3_y256_nm1e8_ey1_s3,P3,A_nm,y256_nm1e8,1,512,256,128,100000000,3,2,00:30:00,regular,done,57210224,7.868658
P2_ny32_ey20_s1,P2,B_ny,ny32,20,512,32,128,10000,1,1,00:30:00,regular,done,57240994,1.064730
P2_ny64_ey20_s1,P2,B_ny,ny64,20,512,64,128,10000,1,1,00:30:00,regular,done,57240995,1.237531
P2_ny2048_ey20_s1,P2,B_ny,ny2048,20,512,2048,128,10000,1,1,00:30:00,regular,done,57240996,1.340779
P2_ny4096_ey20_s1,P2,B_ny,ny4096,20,512,4096,128,10000,1,1,00:45:00,regular,done,57240997,1.317670
P2_ny32_ey16_s1,P2,B_ny,ny32,16,512,32,128,14000,1,1,00:30:00,regular,done,57240998,1.198300
P2_ny64_ey16_s1,P2,B_ny,ny64,16,512,64,128,14000,1,1,00:30:00,regular,done,57240999,1.416659
P2_ny2048_ey16_s1,P2,B_ny,ny2048,16,512,2048,128,14000,1,1,00:30:00,regular,done,57241000,1.547002
P2_ny4096_ey16_s1,P2,B_ny,ny4096,16,512,4096,128,14000,1,1,00:45:00,regular,done,57241001,1.552903
P1_ny32_ey12_s1,P1,B_ny,ny32,12,512,32,128,22000,1,1,00:30:00,regular,done,57241002,1.384507
P1_ny64_ey12_s1,P1,B_ny,ny64,12,512,64,128,22000,1,1,00:30:00,regular,done,57241003,1.645094
P1_ny2048_ey12_s1,P1,B_ny,ny2048,12,512,2048,128,22000,1,1,00:30:00,regular,done,57241004,1.786869
P1_ny4096_ey12_s1,P1,B_ny,ny4096,12,512,4096,128,22000,1,1,00:45:00,regular,done,57241005,1.793085
P0_ny32_ey8_s1,P0,B_ny,ny32,8,512,32,128,40000,1,1,00:30:00,regular,done,57241006,1.732163
P0_ny64_ey8_s1,P0,B_ny,ny64,8,512,64,128,40000,1,1,00:30:00,regular,done,57241007,2.115441
P0_ny2048_ey8_s1,P0,B_ny,ny2048,8,512,2048,128,40000,1,1,00:30:00,regular,done,57241008,2.341773
P0_ny4096_ey8_s1,P0,B_ny,ny4096,8,512,4096,128,40000,1,1,00:45:00,regular,done,57241009,2.347535
P1_ny32_ey4_s1,P1,B_ny,ny32,4,512,32,128,110000,1,1,00:30:00,regular,done,57241010,2.513421
P1_ny64_ey4_s1,P1,B_ny,ny64,4,512,64,128,110000,1,1,00:30:00,regular,done,57241011,3.079218
P1_ny2048_ey4_s1,P1,B_ny,ny2048,4,512,2048,128,110000,1,1,00:30:00,regular,done,57241013,3.445491
P1_ny4096_ey4_s1,P1,B_ny,ny4096,4,512,4096,128,110000,1,1,00:45:00,regular,done,57241014,3.447178
P2_ny32_ey2_s1,P2,B_ny,ny32,2,512,32,128,310000,1,1,00:30:00,regular,done,57241015,3.639748
P2_ny64_ey2_s1,P2,B_ny,ny64,2,512,64,128,310000,1,1,00:30:00,regular,done,57241016,4.504641
P2_ny2048_ey2_s1,P2,B_ny,ny2048,2,512,2048,128,310000,1,1,00:30:00,regular,done,57241017,5.177791
P2_ny4096_ey2_s1,P2,B_ny,ny4096,2,512,4096,128,310000,1,1,00:45:00,regular,done,57241018,5.174860
P3_ny32_ey1_s1,P3,B_ny,ny32,1,512,32,128,880000,1,1,00:30:00,regular,done,57241019,5.265547
P3_ny64_ey1_s1,P3,B_ny,ny64,1,512,64,128,880000,1,1,00:30:00,regular,done,57241020,6.749608
P3_ny2048_ey1_s1,P3,B_ny,ny2048,1,512,2048,128,880000,1,1,00:30:00,regular,done,57241021,7.955923
P3_ny4096_ey1_s1,P3,B_ny,ny4096,1,512,4096,128,880000,1,1,00:45:00,regular,done,57241022,7.956468
P3_ny32_ey0p5_s1,P3,B_ny,ny32,0.5,512,32,128,2500000,1,1,00:30:00,regular,done,57241023,7.579167
P3_ny64_ey0p5_s1,P3,B_ny,ny64,0.5,512,64,128,2500000,1,1,00:30:00,regular,done,57241026,9.994226
P3_ny2048_ey0p5_s1,P3,B_ny,ny2048,0.5,512,2048,128,2500000,1,1,00:30:00,regular,done,57241027,11.773721
P3_ny4096_ey0p5_s1,P3,B_ny,ny4096,0.5,512,4096,128,2500000,1,1,00:45:00,regular,done,57241029,11.776787
P2_ny4096_ey20_s2,P2,B_ny,ny4096,20,512,4096,128,10000,2,1,00:45:00,regular,done,57242652,1.278801
P2_ny4096_ey20_s3,P2,B_ny,ny4096,20,512,4096,128,10000,3,1,00:45:00,regular,done,57242653,1.375297
P2_ny2048_ey20_s2,P2,B_ny,ny2048,20,512,2048,128,10000,2,1,00:30:00,regular,done,57242654,1.277448
P2_ny2048_ey20_s3,P2,B_ny,ny2048,20,512,2048,128,10000,3,1,00:30:00,regular,done,57242655,1.365241
P2_ny64_ey20_s2,P2,B_ny,ny64,20,512,64,128,10000,2,1,00:30:00,regular,done,57242656,1.224003
P2_ny64_ey20_s3,P2,B_ny,ny64,20,512,64,128,10000,3,1,00:30:00,regular,done,57242657,1.250339
P2_ny64_ey20_s4,P2,B_ny,ny64,20,512,64,128,10000,4,1,00:30:00,regular,done,57242658,1.246356
P2_ny64_ey20_s5,P2,B_ny,ny64,20,512,64,128,10000,5,1,00:30:00,regular,done,57242659,1.257328
P2_ny128_ey20_s2,P2,B_ny,ny128,20,512,128,128,10000,2,1,00:30:00,regular,done,57242660,1.260872
P2_ny128_ey20_s3,P2,B_ny,ny128,20,512,128,128,10000,3,1,00:30:00,regular,done,57242661,1.319640
P2_ny128_ey20_s4,P2,B_ny,ny128,20,512,128,128,10000,4,1,00:30:00,regular,done,57242662,1.301396
P2_ny128_ey20_s5,P2,B_ny,ny128,20,512,128,128,10000,5,1,00:30:00,regular,done,57242663,1.327744
P2_ny4096_ey16_s2,P2,B_ny,ny4096,16,512,4096,128,14000,2,1,00:45:00,regular,done,57242665,1.505140
P2_ny4096_ey16_s3,P2,B_ny,ny4096,16,512,4096,128,14000,3,1,00:45:00,regular,done,57242666,1.539997
P2_ny2048_ey16_s2,P2,B_ny,ny2048,16,512,2048,128,14000,2,1,00:30:00,regular,done,57242667,1.516612
P2_ny2048_ey16_s3,P2,B_ny,ny2048,16,512,2048,128,14000,3,1,00:30:00,regular,done,57242668,1.530180
P2_ny64_ey16_s2,P2,B_ny,ny64,16,512,64,128,14000,2,1,00:30:00,regular,done,57242669,1.400269
P2_ny64_ey16_s3,P2,B_ny,ny64,16,512,64,128,14000,3,1,00:30:00,regular,done,57242671,1.420916
P2_ny64_ey16_s4,P2,B_ny,ny64,16,512,64,128,14000,4,1,00:30:00,regular,done,57242672,1.433656
P2_ny64_ey16_s5,P2,B_ny,ny64,16,512,64,128,14000,5,1,00:30:00,regular,done,57242673,1.420431
P2_ny128_ey16_s2,P2,B_ny,ny128,16,512,128,128,14000,2,1,00:30:00,regular,done,57242674,1.470135
P2_ny128_ey16_s3,P2,B_ny,ny128,16,512,128,128,14000,3,1,00:30:00,regular,done,57242675,1.502459
P2_ny128_ey16_s4,P2,B_ny,ny128,16,512,128,128,14000,4,1,00:30:00,regular,done,57242676,1.515213
P2_ny128_ey16_s5,P2,B_ny,ny128,16,512,128,128,14000,5,1,00:30:00,regular,done,57242677,1.498694
P1_ny4096_ey12_s2,P1,B_ny,ny4096,12,512,4096,128,22000,2,1,00:45:00,regular,done,57242678,1.754554
P1_ny4096_ey12_s3,P1,B_ny,ny4096,12,512,4096,128,22000,3,1,00:45:00,regular,done,57242679,1.821660
P1_ny2048_ey12_s2,P1,B_ny,ny2048,12,512,2048,128,22000,2,1,00:30:00,regular,done,57242680,1.757108
P1_ny2048_ey12_s3,P1,B_ny,ny2048,12,512,2048,128,22000,3,1,00:30:00,regular,done,57242681,1.830016
P1_ny64_ey12_s2,P1,B_ny,ny64,12,512,64,128,22000,2,1,00:30:00,regular,done,57242682,1.631375
P1_ny64_ey12_s3,P1,B_ny,ny64,12,512,64,128,22000,3,1,00:30:00,regular,done,57242683,1.682578
P1_ny64_ey12_s4,P1,B_ny,ny64,12,512,64,128,22000,4,1,00:30:00,regular,done,57242684,1.693167
P1_ny64_ey12_s5,P1,B_ny,ny64,12,512,64,128,22000,5,1,00:30:00,regular,done,57242685,1.670334
P1_ny128_ey12_s2,P1,B_ny,ny128,12,512,128,128,22000,2,1,00:30:00,regular,done,57242686,1.720901
P1_ny128_ey12_s3,P1,B_ny,ny128,12,512,128,128,22000,3,1,00:30:00,regular,done,57242687,1.783062
P1_ny128_ey12_s4,P1,B_ny,ny128,12,512,128,128,22000,4,1,00:30:00,regular,done,57242688,1.787532
P1_ny128_ey12_s5,P1,B_ny,ny128,12,512,128,128,22000,5,1,00:30:00,regular,done,57242689,1.763960
P0_ny4096_ey8_s2,P0,B_ny,ny4096,8,512,4096,128,40000,2,1,00:45:00,regular,done,57242690,2.289805
P0_ny4096_ey8_s3,P0,B_ny,ny4096,8,512,4096,128,40000,3,1,00:45:00,regular,done,57242692,2.335018
P0_ny2048_ey8_s2,P0,B_ny,ny2048,8,512,2048,128,40000,2,1,00:30:00,regular,done,57242693,2.282027
P0_ny2048_ey8_s3,P0,B_ny,ny2048,8,512,2048,128,40000,3,1,00:30:00,regular,done,57242694,2.330222
P0_ny64_ey8_s2,P0,B_ny,ny64,8,512,64,128,40000,2,1,00:30:00,regular,done,57242695,2.098633
P0_ny64_ey8_s3,P0,B_ny,ny64,8,512,64,128,40000,3,1,00:30:00,regular,done,57242696,2.125472
P0_ny64_ey8_s4,P0,B_ny,ny64,8,512,64,128,40000,4,1,00:30:00,regular,done,57242697,2.102754
P0_ny64_ey8_s5,P0,B_ny,ny64,8,512,64,128,40000,5,1,00:30:00,regular,done,57242698,2.094823
P0_ny128_ey8_s2,P0,B_ny,ny128,8,512,128,128,40000,2,1,00:30:00,regular,done,57242699,2.225086
P0_ny128_ey8_s3,P0,B_ny,ny128,8,512,128,128,40000,3,1,00:30:00,regular,done,57242700,2.269780
P0_ny128_ey8_s4,P0,B_ny,ny128,8,512,128,128,40000,4,1,00:30:00,regular,done,57242701,2.226836
P0_ny128_ey8_s5,P0,B_ny,ny128,8,512,128,128,40000,5,1,00:30:00,regular,done,57242702,2.201994
P1_ny4096_ey4_s2,P1,B_ny,ny4096,4,512,4096,128,110000,2,1,00:45:00,regular,done,57242703,3.436325
P1_ny4096_ey4_s3,P1,B_ny,ny4096,4,512,4096,128,110000,3,1,00:45:00,regular,done,57242704,3.396558
P1_ny2048_ey4_s2,P1,B_ny,ny2048,4,512,2048,128,110000,2,1,00:30:00,regular,done,57242705,3.434122
P1_ny2048_ey4_s3,P1,B_ny,ny2048,4,512,2048,128,110000,3,1,00:30:00,regular,done,57242706,3.388541
P1_ny64_ey4_s2,P1,B_ny,ny64,4,512,64,128,110000,2,1,00:30:00,regular,done,57242707,3.098951
P1_ny64_ey4_s3,P1,B_ny,ny64,4,512,64,128,110000,3,1,00:30:00,regular,done,57242708,3.058045
P1_ny64_ey4_s4,P1,B_ny,ny64,4,512,64,128,110000,4,1,00:30:00,regular,done,57242709,3.108053
P1_ny64_ey4_s5,P1,B_ny,ny64,4,512,64,128,110000,5,1,00:30:00,regular,done,57242711,3.056074
P1_ny128_ey4_s2,P1,B_ny,ny128,4,512,128,128,110000,2,1,00:30:00,regular,done,57242712,3.309408
P1_ny128_ey4_s3,P1,B_ny,ny128,4,512,128,128,110000,3,1,00:30:00,regular,done,57242713,3.261659
P1_ny128_ey4_s4,P1,B_ny,ny128,4,512,128,128,110000,4,1,00:30:00,regular,done,57242715,3.308983
P1_ny128_ey4_s5,P1,B_ny,ny128,4,512,128,128,110000,5,1,00:30:00,regular,done,57242716,3.235086
P2_ny4096_ey2_s2,P2,B_ny,ny4096,2,512,4096,128,310000,2,1,00:45:00,regular,done,57242718,5.159600
P2_ny4096_ey2_s3,P2,B_ny,ny4096,2,512,4096,128,310000,3,1,00:45:00,regular,done,57242719,5.193083
P2_ny2048_ey2_s2,P2,B_ny,ny2048,2,512,2048,128,310000,2,1,00:30:00,regular,done,57242721,5.158038
P2_ny2048_ey2_s3,P2,B_ny,ny2048,2,512,2048,128,310000,3,1,00:30:00,regular,done,57242722,5.192186
P2_ny128_ey2_s2,P2,B_ny,ny128,2,512,128,128,310000,2,1,00:30:00,regular,done,57242723,4.894772
P2_ny128_ey2_s3,P2,B_ny,ny128,2,512,128,128,310000,3,1,00:30:00,regular,done,57242724,4.918101
P2_ny128_ey2_s4,P2,B_ny,ny128,2,512,128,128,310000,4,1,00:30:00,regular,done,57242725,4.971490
P2_ny128_ey2_s5,P2,B_ny,ny128,2,512,128,128,310000,5,1,00:30:00,regular,done,57242726,4.795330
P2_ny256_ey2_s2,P2,B_ny,ny256,2,512,256,128,310000,2,1,00:30:00,regular,done,57242727,5.066115
P2_ny256_ey2_s3,P2,B_ny,ny256,2,512,256,128,310000,3,1,00:30:00,regular,done,57242728,5.097307
P2_ny256_ey2_s4,P2,B_ny,ny256,2,512,256,128,310000,4,1,00:30:00,regular,done,57242729,5.153262
P2_ny256_ey2_s5,P2,B_ny,ny256,2,512,256,128,310000,5,1,00:30:00,regular,done,57242730,4.979862
P3_ny4096_ey1_s2,P3,B_ny,ny4096,1,512,4096,128,880000,2,1,00:45:00,regular,done,57242731,7.919461
P3_ny4096_ey1_s3,P3,B_ny,ny4096,1,512,4096,128,880000,3,1,00:45:00,regular,done,57242732,7.882661
P3_ny2048_ey1_s2,P3,B_ny,ny2048,1,512,2048,128,880000,2,1,00:30:00,regular,done,57242733,7.918588
P3_ny2048_ey1_s3,P3,B_ny,ny2048,1,512,2048,128,880000,3,1,00:30:00,regular,done,57242734,7.882047
P3_ny128_ey1_s2,P3,B_ny,ny128,1,512,128,128,880000,2,1,00:30:00,regular,done,57242735,7.457681
P3_ny128_ey1_s3,P3,B_ny,ny128,1,512,128,128,880000,3,1,00:30:00,regular,done,57242736,7.379356
P3_ny128_ey1_s4,P3,B_ny,ny128,1,512,128,128,880000,4,1,00:30:00,regular,done,57242737,7.289117
P3_ny128_ey1_s5,P3,B_ny,ny128,1,512,128,128,880000,5,1,00:30:00,regular,done,57242738,7.475136
P3_ny256_ey1_s2,P3,B_ny,ny256,1,512,256,128,880000,2,1,00:30:00,regular,done,57242739,7.789970
P3_ny256_ey1_s3,P3,B_ny,ny256,1,512,256,128,880000,3,1,00:30:00,regular,done,57242740,7.739931
P3_ny256_ey1_s4,P3,B_ny,ny256,1,512,256,128,880000,4,1,00:30:00,regular,done,57242741,7.666611
P3_ny256_ey1_s5,P3,B_ny,ny256,1,512,256,128,880000,5,1,00:30:00,regular,done,57242742,7.787624
P3_ny4096_ey0p5_s2,P3,B_ny,ny4096,0.5,512,4096,128,2500000,2,1,00:45:00,regular,done,57242744,11.790472
P3_ny4096_ey0p5_s3,P3,B_ny,ny4096,0.5,512,4096,128,2500000,3,1,00:45:00,regular,done,57242745,11.777103
P3_ny2048_ey0p5_s2,P3,B_ny,ny2048,0.5,512,2048,128,2500000,2,1,00:30:00,regular,done,57242747,11.790701
P3_ny2048_ey0p5_s3,P3,B_ny,ny2048,0.5,512,2048,128,2500000,3,1,00:30:00,regular,done,57242748,11.775141
P3_ny64_ey0p5_s2,P3,B_ny,ny64,0.5,512,64,128,2500000,2,1,00:30:00,regular,done,57242749,9.926883
P3_ny64_ey0p5_s3,P3,B_ny,ny64,0.5,512,64,128,2500000,3,1,00:30:00,regular,done,57242750,9.906702
P3_ny64_ey0p5_s4,P3,B_ny,ny64,0.5,512,64,128,2500000,4,1,00:30:00,regular,done,57242751,9.994446
P3_ny64_ey0p5_s5,P3,B_ny,ny64,0.5,512,64,128,2500000,5,1,00:30:00,regular,done,57242752,9.943546
P3_ny128_ey0p5_s2,P3,B_ny,ny128,0.5,512,128,128,2500000,2,1,00:30:00,regular,done,57242753,11.234425
P3_ny128_ey0p5_s3,P3,B_ny,ny128,0.5,512,128,128,2500000,3,1,00:30:00,regular,done,57242754,11.198203
P3_ny128_ey0p5_s4,P3,B_ny,ny128,0.5,512,128,128,2500000,4,1,00:30:00,regular,done,57242755,11.227711
P3_ny128_ey0p5_s5,P3,B_ny,ny128,0.5,512,128,128,2500000,5,1,00:30:00,regular,done,57242756,11.185466
P3_y256_nm3e4_ey1_s2,P3,A_nm,y256_nm3e4,1,512,256,128,30000,2,1,00:30:00,regular,done,57272508,6.796350
P3_y256_nm3e4_ey1_s3,P3,A_nm,y256_nm3e4,1,512,256,128,30000,3,1,00:30:00,regular,done,57272509,7.288185
P3_y256_nm3e4_ey1_s4,P3,A_nm,y256_nm3e4,1,512,256,128,30000,4,1,00:30:00,regular,done,57272510,6.978938
P3_y256_nm3e4_ey1_s5,P3,A_nm,y256_nm3e4,1,512,256,128,30000,5,1,00:30:00,regular,done,57272511,6.644534
P3_y256_nm5e4_ey1_s2,P3,A_nm,y256_nm5e4,1,512,256,128,50000,2,1,00:30:00,regular,done,57272512,6.901053
P3_y256_nm5e4_ey1_s3,P3,A_nm,y256_nm5e4,1,512,256,128,50000,3,1,00:30:00,regular,done,57272513,6.986838
P3_y256_nm5e4_ey1_s4,P3,A_nm,y256_nm5e4,1,512,256,128,50000,4,1,00:30:00,regular,done,57272514,7.347223
P3_y256_nm5e4_ey1_s5,P3,A_nm,y256_nm5e4,1,512,256,128,50000,5,1,00:30:00,regular,done,57272515,6.603594
P2_y256_nm3e4_ey2_s2,P2,A_nm,y256_nm3e4,2,512,256,128,30000,2,1,00:30:00,regular,done,57272516,4.721764
P2_y256_nm3e4_ey2_s3,P2,A_nm,y256_nm3e4,2,512,256,128,30000,3,1,00:30:00,regular,done,57272517,4.772647
P2_y256_nm3e4_ey2_s4,P2,A_nm,y256_nm3e4,2,512,256,128,30000,4,1,00:30:00,regular,done,57272518,4.839051
P2_y256_nm3e4_ey2_s5,P2,A_nm,y256_nm3e4,2,512,256,128,30000,5,1,00:30:00,regular,done,57272519,4.537343
P2_y256_nm5e4_ey2_s2,P2,A_nm,y256_nm5e4,2,512,256,128,50000,2,1,00:30:00,regular,done,57272520,4.705860
P2_y256_nm5e4_ey2_s3,P2,A_nm,y256_nm5e4,2,512,256,128,50000,3,1,00:30:00,regular,done,57272521,4.638261
P2_y256_nm5e4_ey2_s4,P2,A_nm,y256_nm5e4,2,512,256,128,50000,4,1,00:30:00,regular,done,57272522,4.870184
P2_y256_nm5e4_ey2_s5,P2,A_nm,y256_nm5e4,2,512,256,128,50000,5,1,00:30:00,regular,done,57272523,4.438698
PC_uncal_ey20_s1,PC,compare,uncal,20,512,512,256,100000,1,1,00:30:00,regular,done,57274006,1.365736
PC_uncal_ey20_s2,PC,compare,uncal,20,512,512,256,100000,2,1,00:30:00,regular,done,57274007,1.374373
PC_uncal_ey20_s3,PC,compare,uncal,20,512,512,256,100000,3,1,00:30:00,regular,done,57274008,1.373386
PC_cal_ey20_s1,PC,compare,cal,20,512,256,128,10000,1,1,00:30:00,regular,done,57274009,1.318117
PC_cal_ey20_s2,PC,compare,cal,20,512,256,128,10000,2,1,00:30:00,regular,done,57274010,1.278729
PC_cal_ey20_s3,PC,compare,cal,20,512,256,128,10000,3,1,00:30:00,regular,done,57274011,1.349420
PC_uncal_ey16_s1,PC,compare,uncal,16,512,512,256,100000,1,1,00:30:00,regular,done,57274012,1.544674
PC_uncal_ey16_s2,PC,compare,uncal,16,512,512,256,100000,2,1,00:30:00,regular,done,57274013,1.558724
PC_uncal_ey16_s3,PC,compare,uncal,16,512,512,256,100000,3,1,00:30:00,regular,done,57274014,1.559940
PC_cal_ey16_s1,PC,compare,cal,16,512,256,128,14000,1,1,00:30:00,regular,done,57274015,1.537674
PC_cal_ey16_s2,PC,compare,cal,16,512,256,128,14000,2,1,00:30:00,regular,done,57274016,1.504154
PC_cal_ey16_s3,PC,compare,cal,16,512,256,128,14000,3,1,00:30:00,regular,done,57274017,1.533096
PC_uncal_ey12_s1,PC,compare,uncal,12,512,512,256,100000,1,1,00:30:00,regular,done,57274018,1.806691
PC_uncal_ey12_s2,PC,compare,uncal,12,512,512,256,100000,2,1,00:30:00,regular,done,57274020,1.822045
PC_uncal_ey12_s3,PC,compare,uncal,12,512,512,256,100000,3,1,00:30:00,regular,done,57274021,1.830422
PC_cal_ey12_s1,PC,compare,cal,12,512,256,128,22000,1,1,00:30:00,regular,done,57274022,1.780477
PC_cal_ey12_s2,PC,compare,cal,12,512,256,128,22000,2,1,00:30:00,regular,done,57274023,1.752691
PC_cal_ey12_s3,PC,compare,cal,12,512,256,128,22000,3,1,00:30:00,regular,done,57274024,1.817576
PC_uncal_ey8_s1,PC,compare,uncal,8,512,512,256,100000,1,1,00:30:00,regular,done,57274025,2.245207
PC_uncal_ey8_s2,PC,compare,uncal,8,512,512,256,100000,2,1,00:30:00,regular,done,57274026,2.230347
PC_uncal_ey8_s3,PC,compare,uncal,8,512,512,256,100000,3,1,00:30:00,regular,done,57274027,2.263080
PC_cal_ey8_s1,PC,compare,cal,8,512,256,128,40000,1,1,00:30:00,regular,done,57274028,2.315168
PC_cal_ey8_s2,PC,compare,cal,8,512,256,128,40000,2,1,00:30:00,regular,done,57274029,2.261939
PC_cal_ey8_s3,PC,compare,cal,8,512,256,128,40000,3,1,00:30:00,regular,done,57274030,2.311760
PC_uncal_ey4_s1,PC,compare,uncal,4,512,512,256,100000,1,1,00:30:00,regular,done,57274031,3.163588
PC_uncal_ey4_s2,PC,compare,uncal,4,512,512,256,100000,2,1,00:30:00,regular,done,57274032,3.012710
PC_uncal_ey4_s3,PC,compare,uncal,4,512,512,256,100000,3,1,00:30:00,regular,done,57274033,3.062297
PC_cal_ey4_s1,PC,compare,cal,4,512,256,128,110000,1,1,00:30:00,regular,done,57274034,3.396677
PC_cal_ey4_s2,PC,compare,cal,4,512,256,128,110000,2,1,00:30:00,regular,done,57274036,3.394617
PC_cal_ey4_s3,PC,compare,cal,4,512,256,128,110000,3,1,00:30:00,regular,done,57274037,3.348474
PC_uncal_ey2_s1,PC,compare,uncal,2,512,512,256,100000,1,1,00:30:00,regular,done,57274038,4.129010
PC_uncal_ey2_s2,PC,compare,uncal,2,512,512,256,100000,2,1,00:30:00,regular,done,57274039,3.931620
PC_uncal_ey2_s3,PC,compare,uncal,2,512,512,256,100000,3,1,00:30:00,regular,done,57274040,3.781584
PC_cal_ey2_s1,PC,compare,cal,2,512,256,128,310000,1,1,00:30:00,regular,done,57274041,5.080955
PC_cal_ey2_s2,PC,compare,cal,2,512,256,128,310000,2,1,00:30:00,regular,done,57274042,5.066848
PC_cal_ey2_s3,PC,compare,cal,2,512,256,128,310000,3,1,00:30:00,regular,done,57274043,5.095475
PC_uncal_ey1_s1,PC,compare,uncal,1,512,512,256,100000,1,1,00:30:00,regular,done,57274044,4.798192
PC_uncal_ey1_s2,PC,compare,uncal,1,512,512,256,100000,2,1,00:30:00,regular,done,57274045,5.081193
PC_uncal_ey1_s3,PC,compare,uncal,1,512,512,256,100000,3,1,00:30:00,regular,done,57274046,4.470400
PC_cal_ey1_s1,PC,compare,cal,1,512,512,128,880000,1,1,00:30:00,regular,done,57274047,7.925156
PC_cal_ey1_s2,PC,compare,cal,1,512,512,128,880000,2,1,00:30:00,regular,done,57274048,7.887310
PC_cal_ey1_s3,PC,compare,cal,1,512,512,128,880000,3,1,00:30:00,regular,done,57274049,7.846795
PC_uncal_ey0p5_s1,PC,compare,uncal,0.5,512,512,256,100000,1,1,00:30:00,regular,done,57274051,5.259026
PC_uncal_ey0p5_s2,PC,compare,uncal,0.5,512,512,256,100000,2,1,00:30:00,regular,done,57274052,6.167567
PC_uncal_ey0p5_s3,PC,compare,uncal,0.5,512,512,256,100000,3,1,00:30:00,regular,done,57274053,5.137838
PC_cal_ey0p5_s1,PC,compare,cal,0.5,512,512,128,2500000,1,1,00:30:00,regular,done,57274054,11.746886
PC_cal_ey0p5_s2,PC,compare,cal,0.5,512,512,128,2500000,2,1,00:30:00,regular,done,57274055,11.762631
PC_cal_ey0p5_s3,PC,compare,cal,0.5,512,512,128,2500000,3,1,00:30:00,regular,done,57274056,11.745643
PC_uncal_ey20_s4,PC,compare,uncal,20,512,512,256,100000,4,1,00:30:00,regular,done,57274512,1.367810
PC_uncal_ey20_s5,PC,compare,uncal,20,512,512,256,100000,5,1,00:30:00,regular,done,57274513,1.371959
PC_uncal_ey20_s6,PC,compare,uncal,20,512,512,256,100000,6,1,00:30:00,regular,done,57274514,1.371245
PC_uncal_ey20_s7,PC,compare,uncal,20,512,512,256,100000,7,1,00:30:00,regular,done,57274515,1.369516
PC_uncal_ey20_s8,PC,compare,uncal,20,512,512,256,100000,8,1,00:30:00,regular,done,57274516,1.384468
PC_uncal_ey20_s9,PC,compare,uncal,20,512,512,256,100000,9,1,00:30:00,regular,done,57274517,1.360439
PC_uncal_ey20_s10,PC,compare,uncal,20,512,512,256,100000,10,1,00:30:00,regular,done,57274518,1.345523
PC_uncal_ey20_s11,PC,compare,uncal,20,512,512,256,100000,11,1,00:30:00,regular,done,57274520,1.375577
PC_uncal_ey20_s12,PC,compare,uncal,20,512,512,256,100000,12,1,00:30:00,regular,done,57274521,1.369765
PC_uncal_ey20_s13,PC,compare,uncal,20,512,512,256,100000,13,1,00:30:00,regular,done,57274522,1.382218
PC_uncal_ey20_s14,PC,compare,uncal,20,512,512,256,100000,14,1,00:30:00,regular,done,57274523,1.371870
PC_uncal_ey20_s15,PC,compare,uncal,20,512,512,256,100000,15,1,00:30:00,regular,done,57274524,1.388464
PC_cal_ey20_s6,PC,compare,cal,20,512,256,128,10000,6,1,00:30:00,regular,done,57274525,1.360334
PC_cal_ey20_s7,PC,compare,cal,20,512,256,128,10000,7,1,00:30:00,regular,done,57274526,1.338640
PC_cal_ey20_s8,PC,compare,cal,20,512,256,128,10000,8,1,00:30:00,regular,done,57274527,1.311724
PC_cal_ey20_s9,PC,compare,cal,20,512,256,128,10000,9,1,00:30:00,regular,done,57274528,1.354364
PC_cal_ey20_s10,PC,compare,cal,20,512,256,128,10000,10,1,00:30:00,regular,done,57274529,1.338990
PC_cal_ey20_s11,PC,compare,cal,20,512,256,128,10000,11,1,00:30:00,regular,done,57274531,1.325635
PC_cal_ey20_s12,PC,compare,cal,20,512,256,128,10000,12,1,00:30:00,regular,done,57274532,1.338059
PC_cal_ey20_s13,PC,compare,cal,20,512,256,128,10000,13,1,00:30:00,regular,done,57274533,1.331134
PC_cal_ey20_s14,PC,compare,cal,20,512,256,128,10000,14,1,00:30:00,regular,done,57274534,1.381243
PC_cal_ey20_s15,PC,compare,cal,20,512,256,128,10000,15,1,00:30:00,regular,done,57274535,1.341770
PC_uncal_ey16_s4,PC,compare,uncal,16,512,512,256,100000,4,1,00:30:00,regular,done,57274536,1.548101
PC_uncal_ey16_s5,PC,compare,uncal,16,512,512,256,100000,5,1,00:30:00,regular,done,57274537,1.552385
PC_uncal_ey16_s6,PC,compare,uncal,16,512,512,256,100000,6,1,00:30:00,regular,done,57274538,1.548431
PC_uncal_ey16_s7,PC,compare,uncal,16,512,512,256,100000,7,1,00:30:00,regular,done,57274539,1.553160
PC_uncal_ey16_s8,PC,compare,uncal,16,512,512,256,100000,8,1,00:30:00,regular,done,57274540,1.575047
PC_uncal_ey16_s9,PC,compare,uncal,16,512,512,256,100000,9,1,00:30:00,regular,done,57274542,1.534783
PC_uncal_ey16_s10,PC,compare,uncal,16,512,512,256,100000,10,1,00:30:00,regular,done,57274543,1.509790
PC_uncal_ey16_s11,PC,compare,uncal,16,512,512,256,100000,11,1,00:30:00,regular,done,57274544,1.565366
PC_uncal_ey16_s12,PC,compare,uncal,16,512,512,256,100000,12,1,00:30:00,regular,done,57274545,1.556416
PC_uncal_ey16_s13,PC,compare,uncal,16,512,512,256,100000,13,1,00:30:00,regular,done,57274546,1.565849
PC_uncal_ey16_s14,PC,compare,uncal,16,512,512,256,100000,14,1,00:30:00,regular,done,57274547,1.555293
PC_uncal_ey16_s15,PC,compare,uncal,16,512,512,256,100000,15,1,00:30:00,regular,done,57274548,1.578328
PC_cal_ey16_s4,PC,compare,cal,16,512,256,128,14000,4,1,00:30:00,regular,done,57274549,1.541638
PC_cal_ey16_s5,PC,compare,cal,16,512,256,128,14000,5,1,00:30:00,regular,done,57274550,1.521983
PC_cal_ey16_s6,PC,compare,cal,16,512,256,128,14000,6,1,00:30:00,regular,done,57274552,1.527953
PC_cal_ey16_s7,PC,compare,cal,16,512,256,128,14000,7,1,00:30:00,regular,done,57274553,1.527795
PC_cal_ey16_s8,PC,compare,cal,16,512,256,128,14000,8,1,00:30:00,regular,done,57274554,1.520073
PC_cal_ey16_s9,PC,compare,cal,16,512,256,128,14000,9,1,00:30:00,regular,done,57274555,1.519280
PC_cal_ey16_s10,PC,compare,cal,16,512,256,128,14000,10,1,00:30:00,regular,done,57274556,1.482962
PC_cal_ey16_s11,PC,compare,cal,16,512,256,128,14000,11,1,00:30:00,regular,done,57274557,1.489842
PC_cal_ey16_s12,PC,compare,cal,16,512,256,128,14000,12,1,00:30:00,regular,done,57274558,1.534496
PC_cal_ey16_s13,PC,compare,cal,16,512,256,128,14000,13,1,00:30:00,regular,done,57274559,1.533820
PC_cal_ey16_s14,PC,compare,cal,16,512,256,128,14000,14,1,00:30:00,regular,done,57274560,1.532952
PC_cal_ey16_s15,PC,compare,cal,16,512,256,128,14000,15,1,00:30:00,regular,done,57274561,1.556826
PC_uncal_ey12_s4,PC,compare,uncal,12,512,512,256,100000,4,1,00:30:00,regular,done,57274562,1.806644
PC_uncal_ey12_s5,PC,compare,uncal,12,512,512,256,100000,5,1,00:30:00,regular,done,57274564,1.816006
PC_uncal_ey12_s6,PC,compare,uncal,12,512,512,256,100000,6,1,00:30:00,regular,done,57274565,1.795605
PC_uncal_ey12_s7,PC,compare,uncal,12,512,512,256,100000,7,1,00:30:00,regular,done,57274566,1.821417
PC_uncal_ey12_s8,PC,compare,uncal,12,512,512,256,100000,8,1,00:30:00,regular,done,57274567,1.851012
PC_uncal_ey12_s9,PC,compare,uncal,12,512,512,256,100000,9,1,00:30:00,regular,done,57274568,1.780434
PC_uncal_ey12_s10,PC,compare,uncal,12,512,512,256,100000,10,1,00:30:00,regular,done,57274569,1.739955
PC_uncal_ey12_s11,PC,compare,uncal,12,512,512,256,100000,11,1,00:30:00,regular,done,57274570,1.839700
PC_uncal_ey12_s12,PC,compare,uncal,12,512,512,256,100000,12,1,00:30:00,regular,done,57274571,1.830352
PC_uncal_ey12_s13,PC,compare,uncal,12,512,512,256,100000,13,1,00:30:00,regular,done,57274573,1.824574
PC_uncal_ey12_s14,PC,compare,uncal,12,512,512,256,100000,14,1,00:30:00,regular,done,57274574,1.818235
PC_uncal_ey12_s15,PC,compare,uncal,12,512,512,256,100000,15,1,00:30:00,regular,done,57274575,1.860797
PC_cal_ey12_s4,PC,compare,cal,12,512,256,128,22000,4,1,00:30:00,regular,done,57274576,1.825654
PC_cal_ey12_s5,PC,compare,cal,12,512,256,128,22000,5,1,00:30:00,regular,done,57274577,1.796982
PC_cal_ey12_s6,PC,compare,cal,12,512,256,128,22000,6,1,00:30:00,regular,done,57274578,1.782785
PC_cal_ey12_s7,PC,compare,cal,12,512,256,128,22000,7,1,00:30:00,regular,done,57274579,1.802263
PC_cal_ey12_s8,PC,compare,cal,12,512,256,128,22000,8,1,00:30:00,regular,done,57274580,1.836383
PC_cal_ey12_s9,PC,compare,cal,12,512,256,128,22000,9,1,00:30:00,regular,done,57274581,1.790486
PC_cal_ey12_s10,PC,compare,cal,12,512,256,128,22000,10,1,00:30:00,regular,done,57274582,1.732639
PC_cal_ey12_s11,PC,compare,cal,12,512,256,128,22000,11,1,00:30:00,regular,done,57274583,1.804797
PC_cal_ey12_s12,PC,compare,cal,12,512,256,128,22000,12,1,00:30:00,regular,done,57274585,1.776228
PC_cal_ey12_s13,PC,compare,cal,12,512,256,128,22000,13,1,00:30:00,regular,done,57274586,1.780180
PC_cal_ey12_s14,PC,compare,cal,12,512,256,128,22000,14,1,00:30:00,regular,done,57274587,1.789103
PC_cal_ey12_s15,PC,compare,cal,12,512,256,128,22000,15,1,00:30:00,regular,done,57274588,1.791254
PC_uncal_ey8_s4,PC,compare,uncal,8,512,512,256,100000,4,1,00:30:00,regular,done,57274589,2.217493
PC_uncal_ey8_s5,PC,compare,uncal,8,512,512,256,100000,5,1,00:30:00,regular,done,57274590,2.224318
PC_uncal_ey8_s6,PC,compare,uncal,8,512,512,256,100000,6,1,00:30:00,regular,done,57274591,2.184669
PC_uncal_ey8_s7,PC,compare,uncal,8,512,512,256,100000,7,1,00:30:00,regular,done,57274592,2.254294
PC_uncal_ey8_s8,PC,compare,uncal,8,512,512,256,100000,8,1,00:30:00,regular,done,57274593,2.285240
PC_uncal_ey8_s9,PC,compare,uncal,8,512,512,256,100000,9,1,00:30:00,regular,done,57274594,2.151642
PC_uncal_ey8_s10,PC,compare,uncal,8,512,512,256,100000,10,1,00:30:00,regular,done,57274595,2.092743
PC_uncal_ey8_s11,PC,compare,uncal,8,512,512,256,100000,11,1,00:30:00,regular,done,57274597,2.279944
PC_uncal_ey8_s12,PC,compare,uncal,8,512,512,256,100000,12,1,00:30:00,regular,done,57274598,2.266369
PC_uncal_ey8_s13,PC,compare,uncal,8,512,512,256,100000,13,1,00:30:00,regular,done,57274599,2.226222
PC_uncal_ey8_s14,PC,compare,uncal,8,512,512,256,100000,14,1,00:30:00,regular,done,57274600,2.218804
PC_uncal_ey8_s15,PC,compare,uncal,8,512,512,256,100000,15,1,00:30:00,regular,done,57274601,2.317074
PC_cal_ey8_s4,PC,compare,cal,8,512,256,128,40000,4,1,00:30:00,regular,done,57274602,2.273638
PC_cal_ey8_s5,PC,compare,cal,8,512,256,128,40000,5,1,00:30:00,regular,done,57274603,2.241506
PC_cal_ey8_s6,PC,compare,cal,8,512,256,128,40000,6,1,00:30:00,regular,done,57274604,2.233227
PC_cal_ey8_s7,PC,compare,cal,8,512,256,128,40000,7,1,00:30:00,regular,done,57274605,2.247204
PC_cal_ey8_s8,PC,compare,cal,8,512,256,128,40000,8,1,00:30:00,regular,done,57274606,2.306238
PC_cal_ey8_s9,PC,compare,cal,8,512,256,128,40000,9,1,00:30:00,regular,done,57274608,2.203243
PC_cal_ey8_s10,PC,compare,cal,8,512,256,128,40000,10,1,00:30:00,regular,done,57274609,2.100997
PC_cal_ey8_s11,PC,compare,cal,8,512,256,128,40000,11,1,00:30:00,regular,done,57274610,2.250812
PC_cal_ey8_s12,PC,compare,cal,8,512,256,128,40000,12,1,00:30:00,regular,done,57274611,2.152155
PC_cal_ey8_s13,PC,compare,cal,8,512,256,128,40000,13,1,00:30:00,regular,done,57274612,2.326985
PC_cal_ey8_s14,PC,compare,cal,8,512,256,128,40000,14,1,00:30:00,regular,done,57274613,2.276326
PC_cal_ey8_s15,PC,compare,cal,8,512,256,128,40000,15,1,00:30:00,regular,done,57274614,2.304887
PC_uncal_ey4_s4,PC,compare,uncal,4,512,512,256,100000,4,1,00:30:00,regular,done,57274615,3.006344
PC_uncal_ey4_s5,PC,compare,uncal,4,512,512,256,100000,5,1,00:30:00,regular,done,57274616,2.954243
PC_uncal_ey4_s6,PC,compare,uncal,4,512,512,256,100000,6,1,00:30:00,regular,done,57274617,2.892435
PC_uncal_ey4_s7,PC,compare,uncal,4,512,512,256,100000,7,1,00:30:00,regular,done,57274619,3.079420
PC_uncal_ey4_s8,PC,compare,uncal,4,512,512,256,100000,8,1,00:30:00,regular,done,57274620,3.083112
PC_uncal_ey4_s9,PC,compare,uncal,4,512,512,256,100000,9,1,00:30:00,regular,done,57274621,2.825864
PC_uncal_ey4_s10,PC,compare,uncal,4,512,512,256,100000,10,1,00:30:00,regular,done,57274622,2.736281
PC_uncal_ey4_s11,PC,compare,uncal,4,512,512,256,100000,11,1,00:30:00,regular,done,57274623,3.114152
PC_uncal_ey4_s12,PC,compare,uncal,4,512,512,256,100000,12,1,00:30:00,regular,done,57274624,3.074322
PC_uncal_ey4_s13,PC,compare,uncal,4,512,512,256,100000,13,1,00:30:00,regular,done,57274625,2.990542
PC_uncal_ey4_s14,PC,compare,uncal,4,512,512,256,100000,14,1,00:30:00,regular,done,57274627,3.002105
PC_uncal_ey4_s15,PC,compare,uncal,4,512,512,256,100000,15,1,00:30:00,regular,done,57274629,3.161365
PC_cal_ey4_s4,PC,compare,cal,4,512,256,128,110000,4,1,00:30:00,regular,done,57274631,3.395440
PC_cal_ey4_s5,PC,compare,cal,4,512,256,128,110000,5,1,00:30:00,regular,done,57274632,3.304342
PC_cal_ey4_s6,PC,compare,cal,4,512,256,128,110000,6,1,00:30:00,regular,done,57274633,3.313611
PC_cal_ey4_s7,PC,compare,cal,4,512,256,128,110000,7,1,00:30:00,regular,done,57274634,3.409853
PC_cal_ey4_s8,PC,compare,cal,4,512,256,128,110000,8,1,00:30:00,regular,done,57274635,3.384986
PC_cal_ey4_s9,PC,compare,cal,4,512,256,128,110000,9,1,00:30:00,regular,done,57274636,3.265989
PC_cal_ey4_s10,PC,compare,cal,4,512,256,128,110000,10,1,00:30:00,regular,done,57274637,3.215981
PC_cal_ey4_s11,PC,compare,cal,4,512,256,128,110000,11,1,00:30:00,regular,done,57274638,3.392514
PC_cal_ey4_s12,PC,compare,cal,4,512,256,128,110000,12,1,00:30:00,regular,done,57274640,3.382120
PC_cal_ey4_s13,PC,compare,cal,4,512,256,128,110000,13,1,00:30:00,regular,done,57274641,3.350478
PC_cal_ey4_s14,PC,compare,cal,4,512,256,128,110000,14,1,00:30:00,regular,done,57274642,3.351765
PC_cal_ey4_s15,PC,compare,cal,4,512,256,128,110000,15,1,00:30:00,regular,done,57274643,3.461885
PC_uncal_ey2_s4,PC,compare,uncal,2,512,512,256,100000,4,1,00:30:00,regular,done,57274644,3.845142
PC_uncal_ey2_s5,PC,compare,uncal,2,512,512,256,100000,5,1,00:30:00,regular,done,57274645,3.689092
PC_uncal_ey2_s6,PC,compare,uncal,2,512,512,256,100000,6,1,00:30:00,regular,done,57274646,3.718269
PC_uncal_ey2_s7,PC,compare,uncal,2,512,512,256,100000,7,1,00:30:00,regular,done,57274647,3.955178
PC_uncal_ey2_s8,PC,compare,uncal,2,512,512,256,100000,8,1,00:30:00,regular,done,57274648,3.873878
PC_uncal_ey2_s9,PC,compare,uncal,2,512,512,256,100000,9,1,00:30:00,regular,done,57274650,3.539707
PC_uncal_ey2_s10,PC,compare,uncal,2,512,512,256,100000,10,1,00:30:00,regular,done,57274651,3.480247
PC_uncal_ey2_s11,PC,compare,uncal,2,512,512,256,100000,11,1,00:30:00,regular,done,57274652,3.972814
PC_uncal_ey2_s12,PC,compare,uncal,2,512,512,256,100000,12,1,00:30:00,regular,done,57274653,3.778282
PC_uncal_ey2_s13,PC,compare,uncal,2,512,512,256,100000,13,1,00:30:00,regular,done,57274654,3.805450
PC_uncal_ey2_s14,PC,compare,uncal,2,512,512,256,100000,14,1,00:30:00,regular,done,57274655,3.981857
PC_uncal_ey2_s15,PC,compare,uncal,2,512,512,256,100000,15,1,00:30:00,regular,done,57274656,4.088617
PC_cal_ey2_s6,PC,compare,cal,2,512,256,128,310000,6,1,00:30:00,regular,done,57274657,4.957500
PC_cal_ey2_s7,PC,compare,cal,2,512,256,128,310000,7,1,00:30:00,regular,done,57274658,5.189554
PC_cal_ey2_s8,PC,compare,cal,2,512,256,128,310000,8,1,00:30:00,regular,done,57274660,5.179838
PC_cal_ey2_s9,PC,compare,cal,2,512,256,128,310000,9,1,00:30:00,regular,done,57274661,4.926446
PC_cal_ey2_s10,PC,compare,cal,2,512,256,128,310000,10,1,00:30:00,regular,done,57274662,4.990343
PC_cal_ey2_s11,PC,compare,cal,2,512,256,128,310000,11,1,00:30:00,regular,done,57274663,5.157740
PC_cal_ey2_s12,PC,compare,cal,2,512,256,128,310000,12,1,00:30:00,regular,done,57274664,5.109325
PC_cal_ey2_s13,PC,compare,cal,2,512,256,128,310000,13,1,00:30:00,regular,done,57274665,5.037114
PC_cal_ey2_s14,PC,compare,cal,2,512,256,128,310000,14,1,00:30:00,regular,done,57274666,5.144681
PC_cal_ey2_s15,PC,compare,cal,2,512,256,128,310000,15,1,00:30:00,regular,done,57274667,5.024604
PC_uncal_ey1_s4,PC,compare,uncal,1,512,512,256,100000,4,1,00:30:00,regular,done,57274669,4.626983
PC_uncal_ey1_s5,PC,compare,uncal,1,512,512,256,100000,5,1,00:30:00,regular,done,57274670,4.581706
PC_uncal_ey1_s6,PC,compare,uncal,1,512,512,256,100000,6,1,00:30:00,regular,done,57274671,4.633364
PC_uncal_ey1_s7,PC,compare,uncal,1,512,512,256,100000,7,1,00:30:00,regular,done,57274672,4.795453
PC_uncal_ey1_s8,PC,compare,uncal,1,512,512,256,100000,8,1,00:30:00,regular,done,57274673,4.633766
PC_uncal_ey1_s9,PC,compare,uncal,1,512,512,256,100000,9,1,00:30:00,regular,done,57274674,4.236647
PC_uncal_ey1_s10,PC,compare,uncal,1,512,512,256,100000,10,1,00:30:00,regular,done,57274675,4.411620
PC_uncal_ey1_s11,PC,compare,uncal,1,512,512,256,100000,11,1,00:30:00,regular,done,57274677,4.867963
PC_uncal_ey1_s12,PC,compare,uncal,1,512,512,256,100000,12,1,00:30:00,regular,done,57274678,4.369949
PC_uncal_ey1_s13,PC,compare,uncal,1,512,512,256,100000,13,1,00:30:00,regular,done,57274679,4.644460
PC_uncal_ey1_s14,PC,compare,uncal,1,512,512,256,100000,14,1,00:30:00,regular,done,57274680,5.013598
PC_uncal_ey1_s15,PC,compare,uncal,1,512,512,256,100000,15,1,00:30:00,regular,done,57274681,4.970042
PC_cal_ey1_s4,PC,compare,cal,1,512,512,128,880000,4,1,00:30:00,regular,done,57274682,7.784149
PC_cal_ey1_s5,PC,compare,cal,1,512,512,128,880000,5,1,00:30:00,regular,done,57274683,7.883391
PC_cal_ey1_s6,PC,compare,cal,1,512,512,128,880000,6,1,00:30:00,regular,done,57274684,7.884546
PC_cal_ey1_s7,PC,compare,cal,1,512,512,128,880000,7,1,00:30:00,regular,done,57274686,7.893788
PC_cal_ey1_s8,PC,compare,cal,1,512,512,128,880000,8,1,00:30:00,regular,done,57274687,7.853950
PC_cal_ey1_s9,PC,compare,cal,1,512,512,128,880000,9,1,00:30:00,regular,done,57274688,7.845473
PC_cal_ey1_s10,PC,compare,cal,1,512,512,128,880000,10,1,00:30:00,regular,done,57274689,7.868384
PC_cal_ey1_s11,PC,compare,cal,1,512,512,128,880000,11,1,00:30:00,regular,done,57274690,7.849556
PC_cal_ey1_s12,PC,compare,cal,1,512,512,128,880000,12,1,00:30:00,regular,done,57274691,7.899530
PC_cal_ey1_s13,PC,compare,cal,1,512,512,128,880000,13,1,00:30:00,regular,done,57274693,7.859605
PC_cal_ey1_s14,PC,compare,cal,1,512,512,128,880000,14,1,00:30:00,regular,done,57274694,7.806015
PC_cal_ey1_s15,PC,compare,cal,1,512,512,128,880000,15,1,00:30:00,regular,done,57274695,7.804343
PC_uncal_ey0p5_s4,PC,compare,uncal,0.5,512,512,256,100000,4,1,00:30:00,regular,done,57274696,5.555097
PC_uncal_ey0p5_s5,PC,compare,uncal,0.5,512,512,256,100000,5,1,00:30:00,regular,done,57274697,5.729339
PC_uncal_ey0p5_s6,PC,compare,uncal,0.5,512,512,256,100000,6,1,00:30:00,regular,done,57274699,5.507066
PC_uncal_ey0p5_s7,PC,compare,uncal,0.5,512,512,256,100000,7,1,00:30:00,regular,done,57274700,5.634329
PC_uncal_ey0p5_s8,PC,compare,uncal,0.5,512,512,256,100000,8,1,00:30:00,regular,done,57274701,5.454430
PC_uncal_ey0p5_s9,PC,compare,uncal,0.5,512,512,256,100000,9,1,00:30:00,regular,done,57274703,5.011949
PC_uncal_ey0p5_s10,PC,compare,uncal,0.5,512,512,256,100000,10,1,00:30:00,regular,done,57274704,5.637425
PC_uncal_ey0p5_s11,PC,compare,uncal,0.5,512,512,256,100000,11,1,00:30:00,regular,done,57274706,5.856447
PC_uncal_ey0p5_s12,PC,compare,uncal,0.5,512,512,256,100000,12,1,00:30:00,regular,done,57274707,4.933254
PC_uncal_ey0p5_s13,PC,compare,uncal,0.5,512,512,256,100000,13,1,00:30:00,regular,done,57274708,5.323335
PC_uncal_ey0p5_s14,PC,compare,uncal,0.5,512,512,256,100000,14,1,00:30:00,regular,done,57274709,5.517214
PC_uncal_ey0p5_s15,PC,compare,uncal,0.5,512,512,256,100000,15,1,00:30:00,regular,done,57274710,5.753642
PC_cal_ey0p5_s4,PC,compare,cal,0.5,512,512,128,2500000,4,1,00:30:00,regular,done,57274713,11.743903
PC_cal_ey0p5_s5,PC,compare,cal,0.5,512,512,128,2500000,5,1,00:30:00,regular,done,57274714,11.722713
PC_cal_ey0p5_s6,PC,compare,cal,0.5,512,512,128,2500000,6,1,00:30:00,regular,done,57274715,11.752472
PC_cal_ey0p5_s7,PC,compare,cal,0.5,512,512,128,2500000,7,1,00:30:00,regular,done,57274716,11.755507
PC_cal_ey0p5_s8,PC,compare,cal,0.5,512,512,128,2500000,8,1,00:30:00,regular,done,57274717,11.737458
PC_cal_ey0p5_s9,PC,compare,cal,0.5,512,512,128,2500000,9,1,00:30:00,regular,done,57274719,11.751104
PC_cal_ey0p5_s10,PC,compare,cal,0.5,512,512,128,2500000,10,1,00:30:00,regular,done,57274721,11.721014
PC_cal_ey0p5_s11,PC,compare,cal,0.5,512,512,128,2500000,11,1,00:30:00,regular,done,57274722,11.776526
PC_cal_ey0p5_s12,PC,compare,cal,0.5,512,512,128,2500000,12,1,00:30:00,regular,done,57274723,11.763260
PC_cal_ey0p5_s13,PC,compare,cal,0.5,512,512,128,2500000,13,1,00:30:00,regular,done,57274725,11.746310
PC_cal_ey0p5_s14,PC,compare,cal,0.5,512,512,128,2500000,14,1,00:30:00,regular,done,57274726,11.735063
PC_cal_ey0p5_s15,PC,compare,cal,0.5,512,512,128,2500000,15,1,00:30:00,regular,done,57274727,11.714588
P2_y256_nm1e5_ey2_s2,P2,A_nm,y256_nm1e5,2,512,256,128,100000,2,1,00:30:00,regular,done,57292355,4.952920
P2_y256_nm1e5_ey2_s3,P2,A_nm,y256_nm1e5,2,512,256,128,100000,3,1,00:30:00,regular,done,57292356,4.863605
P2_y256_nm1e5_ey2_s4,P2,A_nm,y256_nm1e5,2,512,256,128,100000,4,1,00:30:00,regular,done,57292357,4.900539
P2_y256_nm1e5_ey2_s5,P2,A_nm,y256_nm1e5,2,512,256,128,100000,5,1,00:30:00,regular,done,57292358,4.772178
P2_y256_nm1p7e5_ey2_s1,P2,A_nm,y256_nm1p7e5,2,512,256,128,170000,1,1,00:30:00,regular,done,57292359,5.010740
P2_y256_nm1p7e5_ey2_s2,P2,A_nm,y256_nm1p7e5,2,512,256,128,170000,2,1,00:30:00,regular,done,57292360,4.960667
P2_y256_nm1p7e5_ey2_s3,P2,A_nm,y256_nm1p7e5,2,512,256,128,170000,3,1,00:30:00,regular,done,57292361,4.895032
P2_y256_nm1p7e5_ey2_s4,P2,A_nm,y256_nm1p7e5,2,512,256,128,170000,4,1,00:30:00,regular,done,57292362,5.000434
P2_y256_nm1p7e5_ey2_s5,P2,A_nm,y256_nm1p7e5,2,512,256,128,170000,5,1,00:30:00,regular,done,57292363,4.889541
P3_y256_nm1e5_ey1_s2,P3,A_nm,y256_nm1e5,1,512,256,128,100000,2,1,00:30:00,regular,done,57292364,7.501959
P3_y256_nm1e5_ey1_s3,P3,A_nm,y256_nm1e5,1,512,256,128,100000,3,1,00:30:00,regular,done,57292365,7.256194
P3_y256_nm1e5_ey1_s4,P3,A_nm,y256_nm1e5,1,512,256,128,100000,4,1,00:30:00,regular,done,57292366,7.363320
P3_y256_nm1e5_ey1_s5,P3,A_nm,y256_nm1e5,1,512,256,128,100000,5,1,00:30:00,regular,done,57292367,7.301385
P3_y256_nm1p7e5_ey1_s1,P3,A_nm,y256_nm1p7e5,1,512,256,128,170000,1,1,00:30:00,regular,done,57292368,7.669305
P3_y256_nm1p7e5_ey1_s2,P3,A_nm,y256_nm1p7e5,1,512,256,128,170000,2,1,00:30:00,regular,done,57292369,7.582798
P3_y256_nm1p7e5_ey1_s3,P3,A_nm,y256_nm1p7e5,1,512,256,128,170000,3,1,00:30:00,regular,done,57292370,7.326516
P3_y256_nm1p7e5_ey1_s4,P3,A_nm,y256_nm1p7e5,1,512,256,128,170000,4,1,00:30:00,regular,done,57292371,7.567195
P3_y256_nm1p7e5_ey1_s5,P3,A_nm,y256_nm1p7e5,1,512,256,128,170000,5,1,00:30:00,regular,done,57292372,7.451651
P3_y256_nm3e5_ey1_s1,P3,A_nm,y256_nm3e5,1,512,256,128,300000,1,1,00:30:00,regular,done,57292373,7.625945
P3_y256_nm3e5_ey1_s2,P3,A_nm,y256_nm3e5,1,512,256,128,300000,2,1,00:30:00,regular,done,57292375,7.616364
P3_y256_nm3e5_ey1_s3,P3,A_nm,y256_nm3e5,1,512,256,128,300000,3,1,00:30:00,regular,done,57292377,7.677751
P3_y256_nm3e5_ey1_s4,P3,A_nm,y256_nm3e5,1,512,256,128,300000,4,1,00:30:00,regular,done,57292379,7.739213
P3_y256_nm3e5_ey1_s5,P3,A_nm,y256_nm3e5,1,512,256,128,300000,5,1,00:30:00,regular,done,57292381,7.505952
P3_n512_nm1e5_ey0p5_s2,P3,A_nm,n512_nm1e5,0.5,512,512,128,100000,2,1,00:30:00,regular,done,57292383,11.432983
P3_n512_nm1e5_ey0p5_s3,P3,A_nm,n512_nm1e5,0.5,512,512,128,100000,3,1,00:30:00,regular,done,57292385,11.353680
P3_n512_nm1e5_ey0p5_s4,P3,A_nm,n512_nm1e5,0.5,512,512,128,100000,4,1,00:30:00,regular,done,57292390,11.327601
P3_n512_nm1e5_ey0p5_s5,P3,A_nm,n512_nm1e5,0.5,512,512,128,100000,5,1,00:30:00,regular,done,57292392,11.406775
P3_n512_nm1p7e5_ey0p5_s1,P3,A_nm,n512_nm1p7e5,0.5,512,512,128,170000,1,1,00:30:00,regular,done,57292394,11.680857
P3_n512_nm1p7e5_ey0p5_s2,P3,A_nm,n512_nm1p7e5,0.5,512,512,128,170000,2,1,00:30:00,regular,done,57292396,11.457517
P3_n512_nm1p7e5_ey0p5_s3,P3,A_nm,n512_nm1p7e5,0.5,512,512,128,170000,3,1,00:30:00,regular,done,57292398,11.585892
P3_n512_nm1p7e5_ey0p5_s4,P3,A_nm,n512_nm1p7e5,0.5,512,512,128,170000,4,1,00:30:00,regular,done,57292400,11.586677
P3_n512_nm1p7e5_ey0p5_s5,P3,A_nm,n512_nm1p7e5,0.5,512,512,128,170000,5,1,00:30:00,regular,done,57292402,11.398926
P3_n512_nm3e5_ey0p5_s1,P3,A_nm,n512_nm3e5,0.5,512,512,128,300000,1,1,00:30:00,regular,done,57292403,11.632113
P3_n512_nm3e5_ey0p5_s2,P3,A_nm,n512_nm3e5,0.5,512,512,128,300000,2,1,00:30:00,regular,done,57292405,11.582915
P3_n512_nm3e5_ey0p5_s3,P3,A_nm,n512_nm3e5,0.5,512,512,128,300000,3,1,00:30:00,regular,done,57292407,11.707477
P3_n512_nm3e5_ey0p5_s4,P3,A_nm,n512_nm3e5,0.5,512,512,128,300000,4,1,00:30:00,regular,done,57292409,11.630358
P3_n512_nm3e5_ey0p5_s5,P3,A_nm,n512_nm3e5,0.5,512,512,128,300000,5,1,00:30:00,regular,done,57292411,11.583323
P2_y256_nm1e7_ey2_s4,P2,A_nm,y256_nm1e7,2,512,256,128,10000000,4,1,00:30:00,regular,done,57292413,5.262164
P2_y256_nm1e7_ey2_s5,P2,A_nm,y256_nm1e7,2,512,256,128,10000000,5,1,00:30:00,regular,done,57292415,5.264855
P2_y256_nm1e8_ey2_s4,P2,A_nm,y256_nm1e8,2,512,256,128,100000000,4,2,00:30:00,regular,done,57292417,5.272089
P2_y256_nm1e8_ey2_s5,P2,A_nm,y256_nm1e8,2,512,256,128,100000000,5,2,00:30:00,regular,done,57292419,5.270898
P3_y256_nm1e7_ey1_s4,P3,A_nm,y256_nm1e7,1,512,256,128,10000000,4,1,00:30:00,regular,done,57292420,7.862553
P3_y256_nm1e7_ey1_s5,P3,A_nm,y256_nm1e7,1,512,256,128,10000000,5,1,00:30:00,regular,done,57292422,7.857513
P3_y256_nm1e8_ey1_s4,P3,A_nm,y256_nm1e8,1,512,256,128,100000000,4,2,00:30:00,regular,done,57292424,7.868257
P3_y256_nm1e8_ey1_s5,P3,A_nm,y256_nm1e8,1,512,256,128,100000000,5,2,00:30:00,regular,done,57292426,7.867622
P3_n512_nm1e7_ey0p5_s2,P3,A_nm,n512_nm1e7,0.5,512,512,128,10000000,2,1,00:30:00,regular,done,57292428,11.781149
P3_n512_nm1e7_ey0p5_s3,P3,A_nm,n512_nm1e7,0.5,512,512,128,10000000,3,1,00:30:00,regular,done,57292430,11.763562
P3_n512_nm1e8_ey0p5_s2,P3,A_nm,n512_nm1e8,0.5,512,512,128,100000000,2,2,00:30:00,regular,done,57292431,11.780428
P3_n512_nm1e8_ey0p5_s3,P3,A_nm,n512_nm1e8,0.5,512,512,128,100000000,3,2,00:30:00,regular,done,57292433,11.777272
PS_cal2d_ey20_s1,PS,compare,cal2d,20,512,256,128,10000,1,1,00:30:00,regular,done,57613614,1.316836
PS_cal2d_ey20_s2,PS,compare,cal2d,20,512,256,128,10000,2,1,00:30:00,regular,done,57613615,1.280385
PS_cal2d_ey20_s3,PS,compare,cal2d,20,512,256,128,10000,3,1,00:30:00,regular,done,57613616,1.347438
PS_cal2d_ey20_s4,PS,compare,cal2d,20,512,256,128,10000,4,1,00:30:00,regular,done,57613617,1.318589
PS_cal2d_ey20_s5,PS,compare,cal2d,20,512,256,128,10000,5,1,00:30:00,regular,done,57613618,1.347487
PS_cal2d_ey20_s6,PS,compare,cal2d,20,512,256,128,10000,6,1,00:30:00,regular,done,57613620,1.361627
PS_cal2d_ey20_s7,PS,compare,cal2d,20,512,256,128,10000,7,1,00:30:00,regular,done,57613621,1.340573
PS_cal2d_ey20_s8,PS,compare,cal2d,20,512,256,128,10000,8,1,00:30:00,regular,done,57613624,1.313283
PS_cal2d_ey20_s9,PS,compare,cal2d,20,512,256,128,10000,9,1,00:30:00,regular,done,57613626,1.354098
PS_cal2d_ey20_s10,PS,compare,cal2d,20,512,256,128,10000,10,1,00:30:00,regular,done,57613627,1.336222
PS_cal2d_ey20_s11,PS,compare,cal2d,20,512,256,128,10000,11,1,00:30:00,regular,done,57613628,1.326819
PS_cal2d_ey20_s12,PS,compare,cal2d,20,512,256,128,10000,12,1,00:30:00,regular,done,57613629,1.337346
PS_cal2d_ey20_s13,PS,compare,cal2d,20,512,256,128,10000,13,1,00:30:00,regular,done,57613630,1.335195
PS_cal2d_ey20_s14,PS,compare,cal2d,20,512,256,128,10000,14,1,00:30:00,regular,done,57613631,1.379370
PS_cal2d_ey20_s15,PS,compare,cal2d,20,512,256,128,10000,15,1,00:30:00,regular,done,57613634,1.341274
PS_cal2d_ey16_s1,PS,compare,cal2d,16,512,256,128,14000,1,1,00:30:00,regular,done,57613635,1.536144
PS_cal2d_ey16_s2,PS,compare,cal2d,16,512,256,128,14000,2,1,00:30:00,regular,done,57613636,1.502976
PS_cal2d_ey16_s3,PS,compare,cal2d,16,512,256,128,14000,3,1,00:30:00,regular,done,57613637,1.528898
PS_cal2d_ey16_s4,PS,compare,cal2d,16,512,256,128,14000,4,1,00:30:00,regular,done,57613638,1.542197
PS_cal2d_ey16_s5,PS,compare,cal2d,16,512,256,128,14000,5,1,00:30:00,regular,done,57613639,1.520328
PS_cal2d_ey16_s6,PS,compare,cal2d,16,512,256,128,14000,6,1,00:30:00,regular,done,57613640,1.527629
PS_cal2d_ey16_s7,PS,compare,cal2d,16,512,256,128,14000,7,1,00:30:00,regular,done,57613641,1.527671
PS_cal2d_ey16_s8,PS,compare,cal2d,16,512,256,128,14000,8,1,00:30:00,regular,done,57613642,1.517419
PS_cal2d_ey16_s9,PS,compare,cal2d,16,512,256,128,14000,9,1,00:30:00,regular,done,57613643,1.518170
PS_cal2d_ey16_s10,PS,compare,cal2d,16,512,256,128,14000,10,1,00:30:00,regular,done,57613644,1.481190
PS_cal2d_ey16_s11,PS,compare,cal2d,16,512,256,128,14000,11,1,00:30:00,regular,done,57613645,1.491869
PS_cal2d_ey16_s12,PS,compare,cal2d,16,512,256,128,14000,12,1,00:30:00,regular,done,57613646,1.531359
PS_cal2d_ey16_s13,PS,compare,cal2d,16,512,256,128,14000,13,1,00:30:00,regular,done,57613647,1.529966
PS_cal2d_ey16_s14,PS,compare,cal2d,16,512,256,128,14000,14,1,00:30:00,regular,done,57613648,1.530428
PS_cal2d_ey16_s15,PS,compare,cal2d,16,512,256,128,14000,15,1,00:30:00,regular,done,57613649,1.554765
PS_cal2d_ey12_s1,PS,compare,cal2d,12,512,256,128,22000,1,1,00:30:00,regular,done,57613650,1.781347
PS_cal2d_ey12_s2,PS,compare,cal2d,12,512,256,128,22000,2,1,00:30:00,regular,done,57613651,1.751850
PS_cal2d_ey12_s3,PS,compare,cal2d,12,512,256,128,22000,3,1,00:30:00,regular,done,57613652,1.816770
PS_cal2d_ey12_s4,PS,compare,cal2d,12,512,256,128,22000,4,1,00:30:00,regular,done,57613653,1.822463
PS_cal2d_ey12_s5,PS,compare,cal2d,12,512,256,128,22000,5,1,00:30:00,regular,done,57613654,1.797830
PS_cal2d_ey12_s6,PS,compare,cal2d,12,512,256,128,22000,6,1,00:30:00,regular,done,57613655,1.782298
PS_cal2d_ey12_s7,PS,compare,cal2d,12,512,256,128,22000,7,1,00:30:00,regular,done,57613656,1.803878
PS_cal2d_ey12_s8,PS,compare,cal2d,12,512,256,128,22000,8,1,00:30:00,regular,done,57613657,1.838514
PS_cal2d_ey12_s9,PS,compare,cal2d,12,512,256,128,22000,9,1,00:30:00,regular,done,57613658,1.789987
PS_cal2d_ey12_s10,PS,compare,cal2d,12,512,256,128,22000,10,1,00:30:00,regular,done,57613659,1.732978
PS_cal2d_ey12_s11,PS,compare,cal2d,12,512,256,128,22000,11,1,00:30:00,regular,done,57613660,1.807472
PS_cal2d_ey12_s12,PS,compare,cal2d,12,512,256,128,22000,12,1,00:30:00,regular,done,57613661,1.779696
PS_cal2d_ey12_s13,PS,compare,cal2d,12,512,256,128,22000,13,1,00:30:00,regular,done,57613662,1.781092
PS_cal2d_ey12_s14,PS,compare,cal2d,12,512,256,128,22000,14,1,00:30:00,regular,done,57613663,1.789574
PS_cal2d_ey12_s15,PS,compare,cal2d,12,512,256,128,22000,15,1,00:30:00,regular,done,57613664,1.793975
PS_cal2d_ey8_s1,PS,compare,cal2d,8,512,256,128,40000,1,1,00:30:00,regular,done,57613665,2.313712
PS_cal2d_ey8_s2,PS,compare,cal2d,8,512,256,128,40000,2,1,00:30:00,regular,done,57613666,2.261056
PS_cal2d_ey8_s3,PS,compare,cal2d,8,512,256,128,40000,3,1,00:30:00,regular,done,57613667,2.313368
PS_cal2d_ey8_s4,PS,compare,cal2d,8,512,256,128,40000,4,1,00:30:00,regular,done,57613668,2.273658
PS_cal2d_ey8_s5,PS,compare,cal2d,8,512,256,128,40000,5,1,00:30:00,regular,done,57613669,2.242019
PS_cal2d_ey8_s6,PS,compare,cal2d,8,512,256,128,40000,6,1,00:30:00,regular,done,57613670,2.234962
PS_cal2d_ey8_s7,PS,compare,cal2d,8,512,256,128,40000,7,1,00:30:00,regular,done,57613672,2.249089
PS_cal2d_ey8_s8,PS,compare,cal2d,8,512,256,128,40000,8,1,00:30:00,regular,done,57613673,2.305154
PS_cal2d_ey8_s9,PS,compare,cal2d,8,512,256,128,40000,9,1,00:30:00,regular,done,57613674,2.205029
PS_cal2d_ey8_s10,PS,compare,cal2d,8,512,256,128,40000,10,1,00:30:00,regular,done,57613675,2.102817
PS_cal2d_ey8_s11,PS,compare,cal2d,8,512,256,128,40000,11,1,00:30:00,regular,done,57613676,2.250413
PS_cal2d_ey8_s12,PS,compare,cal2d,8,512,256,128,40000,12,1,00:30:00,regular,done,57613677,2.151775
PS_cal2d_ey8_s13,PS,compare,cal2d,8,512,256,128,40000,13,1,00:30:00,regular,done,57613678,2.328797
PS_cal2d_ey8_s14,PS,compare,cal2d,8,512,256,128,40000,14,1,00:30:00,regular,done,57613679,2.275477
PS_cal2d_ey8_s15,PS,compare,cal2d,8,512,256,128,40000,15,1,00:30:00,regular,done,57613680,2.303853
PS_cal2d_ey4_s1,PS,compare,cal2d,4,512,256,128,110000,1,1,00:30:00,regular,done,57613681,3.396624
PS_cal2d_ey4_s2,PS,compare,cal2d,4,512,256,128,110000,2,1,00:30:00,regular,done,57613682,3.394665
PS_cal2d_ey4_s3,PS,compare,cal2d,4,512,256,128,110000,3,1,00:30:00,regular,done,57613683,3.349151
PS_cal2d_ey4_s4,PS,compare,cal2d,4,512,256,128,110000,4,1,00:30:00,regular,done,57613684,3.396699
PS_cal2d_ey4_s5,PS,compare,cal2d,4,512,256,128,110000,5,1,00:30:00,regular,done,57613685,3.304703
PS_cal2d_ey4_s6,PS,compare,cal2d,4,512,256,128,110000,6,1,00:30:00,regular,done,57613686,3.314162
PS_cal2d_ey4_s7,PS,compare,cal2d,4,512,256,128,110000,7,1,00:30:00,regular,done,57613687,3.412393
PS_cal2d_ey4_s8,PS,compare,cal2d,4,512,256,128,110000,8,1,00:30:00,regular,done,57613688,3.387020
PS_cal2d_ey4_s9,PS,compare,cal2d,4,512,256,128,110000,9,1,00:30:00,regular,done,57613689,3.267401
PS_cal2d_ey4_s10,PS,compare,cal2d,4,512,256,128,110000,10,1,00:30:00,regular,done,57613690,3.215336
PS_cal2d_ey4_s11,PS,compare,cal2d,4,512,256,128,110000,11,1,00:30:00,regular,done,57613691,3.390966
PS_cal2d_ey4_s12,PS,compare,cal2d,4,512,256,128,110000,12,1,00:30:00,regular,done,57613692,3.380449
PS_cal2d_ey4_s13,PS,compare,cal2d,4,512,256,128,110000,13,1,00:30:00,regular,done,57613693,3.346991
PS_cal2d_ey4_s14,PS,compare,cal2d,4,512,256,128,110000,14,1,00:30:00,regular,done,57613694,3.350201
PS_cal2d_ey4_s15,PS,compare,cal2d,4,512,256,128,110000,15,1,00:30:00,regular,done,57613695,3.462075
PS_cal2d_ey2_s1,PS,compare,cal2d,2,512,256,128,310000,1,1,00:30:00,regular,done,57613696,5.080116
PS_cal2d_ey2_s2,PS,compare,cal2d,2,512,256,128,310000,2,1,00:30:00,regular,done,57613697,5.065404
PS_cal2d_ey2_s3,PS,compare,cal2d,2,512,256,128,310000,3,1,00:30:00,regular,done,57613698,5.096270
PS_cal2d_ey2_s4,PS,compare,cal2d,2,512,256,128,310000,4,1,00:30:00,regular,done,57613699,5.152862
PS_cal2d_ey2_s5,PS,compare,cal2d,2,512,256,128,310000,5,1,00:30:00,regular,done,57613700,4.979447
PS_cal2d_ey2_s6,PS,compare,cal2d,2,512,256,128,310000,6,1,00:30:00,regular,done,57613701,4.955010
PS_cal2d_ey2_s7,PS,compare,cal2d,2,512,256,128,310000,7,1,00:30:00,regular,done,57613702,5.191147
PS_cal2d_ey2_s8,PS,compare,cal2d,2,512,256,128,310000,8,1,00:30:00,regular,done,57613703,5.177654
PS_cal2d_ey2_s9,PS,compare,cal2d,2,512,256,128,310000,9,1,00:30:00,regular,done,57613704,4.927528
PS_cal2d_ey2_s10,PS,compare,cal2d,2,512,256,128,310000,10,1,00:30:00,regular,done,57613705,4.991946
PS_cal2d_ey2_s11,PS,compare,cal2d,2,512,256,128,310000,11,1,00:30:00,regular,done,57613706,5.158264
PS_cal2d_ey2_s12,PS,compare,cal2d,2,512,256,128,310000,12,1,00:30:00,regular,done,57613707,5.107482
PS_cal2d_ey2_s13,PS,compare,cal2d,2,512,256,128,310000,13,1,00:30:00,regular,done,57613708,5.039328
PS_cal2d_ey2_s14,PS,compare,cal2d,2,512,256,128,310000,14,1,00:30:00,regular,done,57613709,5.143615
PS_cal2d_ey2_s15,PS,compare,cal2d,2,512,256,128,310000,15,1,00:30:00,regular,done,57613710,5.023187
PS_cal2d_ey1_s1,PS,compare,cal2d,1,512,512,128,880000,1,1,00:30:00,regular,done,57613711,7.925114
PS_cal2d_ey1_s2,PS,compare,cal2d,1,512,512,128,880000,2,1,00:30:00,regular,done,57613712,7.887046
PS_cal2d_ey1_s3,PS,compare,cal2d,1,512,512,128,880000,3,1,00:30:00,regular,done,57613713,7.848062
PS_cal2d_ey1_s4,PS,compare,cal2d,1,512,512,128,880000,4,1,00:30:00,regular,done,57613714,7.784007
PS_cal2d_ey1_s5,PS,compare,cal2d,1,512,512,128,880000,5,1,00:30:00,regular,done,57613715,7.882926
PS_cal2d_ey1_s6,PS,compare,cal2d,1,512,512,128,880000,6,1,00:30:00,regular,done,57613716,7.882254
PS_cal2d_ey1_s7,PS,compare,cal2d,1,512,512,128,880000,7,1,00:30:00,regular,done,57613717,7.895535
PS_cal2d_ey1_s8,PS,compare,cal2d,1,512,512,128,880000,8,1,00:30:00,regular,done,57613718,7.855119
PS_cal2d_ey1_s9,PS,compare,cal2d,1,512,512,128,880000,9,1,00:30:00,regular,done,57613719,7.843245
PS_cal2d_ey1_s10,PS,compare,cal2d,1,512,512,128,880000,10,1,00:30:00,regular,done,57613720,7.866796
PS_cal2d_ey1_s11,PS,compare,cal2d,1,512,512,128,880000,11,1,00:30:00,regular,done,57613721,7.849120
PS_cal2d_ey1_s12,PS,compare,cal2d,1,512,512,128,880000,12,1,00:30:00,regular,done,57613722,7.900665
PS_cal2d_ey1_s13,PS,compare,cal2d,1,512,512,128,880000,13,1,00:30:00,regular,done,57613723,7.859416
PS_cal2d_ey1_s14,PS,compare,cal2d,1,512,512,128,880000,14,1,00:30:00,regular,done,57613724,7.805208
PS_cal2d_ey1_s15,PS,compare,cal2d,1,512,512,128,880000,15,1,00:30:00,regular,done,57613725,7.803224
PS_cal2d_ey0p5_s1,PS,compare,cal2d,0.5,512,512,128,2500000,1,1,00:30:00,regular,done,57613726,11.746805
PS_cal2d_ey0p5_s2,PS,compare,cal2d,0.5,512,512,128,2500000,2,1,00:30:00,regular,done,57613727,11.761826
PS_cal2d_ey0p5_s3,PS,compare,cal2d,0.5,512,512,128,2500000,3,1,00:30:00,regular,done,57613728,11.745757
PS_cal2d_ey0p5_s4,PS,compare,cal2d,0.5,512,512,128,2500000,4,1,00:30:00,regular,done,57613729,11.743672
PS_cal2d_ey0p5_s5,PS,compare,cal2d,0.5,512,512,128,2500000,5,1,00:30:00,regular,done,57613730,11.722514
PS_cal2d_ey0p5_s6,PS,compare,cal2d,0.5,512,512,128,2500000,6,1,00:30:00,regular,done,57613731,11.752595
PS_cal2d_ey0p5_s7,PS,compare,cal2d,0.5,512,512,128,2500000,7,1,00:30:00,regular,done,57613732,11.756113
PS_cal2d_ey0p5_s8,PS,compare,cal2d,0.5,512,512,128,2500000,8,1,00:30:00,regular,done,57613733,11.737621
PS_cal2d_ey0p5_s9,PS,compare,cal2d,0.5,512,512,128,2500000,9,1,00:30:00,regular,done,57613734,11.751312
PS_cal2d_ey0p5_s10,PS,compare,cal2d,0.5,512,512,128,2500000,10,1,00:30:00,regular,done,57613735,11.721769
PS_cal2d_ey0p5_s11,PS,compare,cal2d,0.5,512,512,128,2500000,11,1,00:30:00,regular,done,57613736,11.776943
PS_cal2d_ey0p5_s12,PS,compare,cal2d,0.5,512,512,128,2500000,12,1,00:30:00,regular,done,57613737,11.763252
PS_cal2d_ey0p5_s13,PS,compare,cal2d,0.5,512,512,128,2500000,13,1,00:30:00,regular,done,57613738,11.745335
PS_cal2d_ey0p5_s14,PS,compare,cal2d,0.5,512,512,128,2500000,14,1,00:30:00,regular,done,57613739,11.735354
PS_cal2d_ey0p5_s15,PS,compare,cal2d,0.5,512,512,128,2500000,15,1,00:30:00,regular,done,57613740,11.715011
PT_g32_nm1e3_ey8_s1,PT,coarse,g32_nm1e3,8,32,32,32,1000,1,1,00:30:00,regular,done,57613850,1.546948
PT_g32_nm1e3_ey8_s2,PT,coarse,g32_nm1e3,8,32,32,32,1000,2,1,00:30:00,regular,done,57613851,1.518612
PT_g32_nm1e3_ey8_s3,PT,coarse,g32_nm1e3,8,32,32,32,1000,3,1,00:30:00,regular,done,57613852,1.514043
PT_g32_nm1e3_ey8_s4,PT,coarse,g32_nm1e3,8,32,32,32,1000,4,1,00:30:00,regular,done,57613853,1.503936
PT_g32_nm1e3_ey8_s5,PT,coarse,g32_nm1e3,8,32,32,32,1000,5,1,00:30:00,regular,done,57613862,1.497740
PT_g32_nm1e3_ey8_s6,PT,coarse,g32_nm1e3,8,32,32,32,1000,6,1,00:30:00,regular,done,57613864,1.566550
PT_g32_nm1e3_ey8_s7,PT,coarse,g32_nm1e3,8,32,32,32,1000,7,1,00:30:00,regular,done,57613865,1.549471
PT_g32_nm1e3_ey8_s8,PT,coarse,g32_nm1e3,8,32,32,32,1000,8,1,00:30:00,regular,done,57613869,1.527987
PT_g32_nm1e3_ey8_s9,PT,coarse,g32_nm1e3,8,32,32,32,1000,9,1,00:30:00,regular,done,57613870,1.493903
PT_g32_nm1e3_ey8_s10,PT,coarse,g32_nm1e3,8,32,32,32,1000,10,1,00:30:00,regular,done,57613871,1.504802
PT_g32_nm1e3_ey8_s11,PT,coarse,g32_nm1e3,8,32,32,32,1000,11,1,00:30:00,regular,done,57613872,1.472196
PT_g32_nm1e3_ey8_s12,PT,coarse,g32_nm1e3,8,32,32,32,1000,12,1,00:30:00,regular,done,57613873,1.532317
PT_g32_nm1e3_ey8_s13,PT,coarse,g32_nm1e3,8,32,32,32,1000,13,1,00:30:00,regular,done,57613875,1.515805
PT_g32_nm1e3_ey8_s14,PT,coarse,g32_nm1e3,8,32,32,32,1000,14,1,00:30:00,regular,done,57613876,1.485782
PT_g32_nm1e3_ey8_s15,PT,coarse,g32_nm1e3,8,32,32,32,1000,15,1,00:30:00,regular,done,57613877,1.484468
PT_g32_nm1e4_ey8_s1,PT,coarse,g32_nm1e4,8,32,32,32,10000,1,1,00:30:00,regular,done,57613878,1.521827
PT_g32_nm1e4_ey8_s2,PT,coarse,g32_nm1e4,8,32,32,32,10000,2,1,00:30:00,regular,done,57613879,1.502281
PT_g32_nm1e4_ey8_s3,PT,coarse,g32_nm1e4,8,32,32,32,10000,3,1,00:30:00,regular,done,57613880,1.500146
PT_g32_nm1e4_ey8_s4,PT,coarse,g32_nm1e4,8,32,32,32,10000,4,1,00:30:00,regular,done,57613881,1.513433
PT_g32_nm1e4_ey8_s5,PT,coarse,g32_nm1e4,8,32,32,32,10000,5,1,00:30:00,regular,done,57613882,1.517291
PT_g32_nm1e4_ey8_s6,PT,coarse,g32_nm1e4,8,32,32,32,10000,6,1,00:30:00,regular,done,57613883,1.519421
PT_g32_nm1e4_ey8_s7,PT,coarse,g32_nm1e4,8,32,32,32,10000,7,1,00:30:00,regular,done,57613884,1.518187
PT_g32_nm1e4_ey8_s8,PT,coarse,g32_nm1e4,8,32,32,32,10000,8,1,00:30:00,regular,done,57613885,1.507337
PT_g32_nm1e4_ey8_s9,PT,coarse,g32_nm1e4,8,32,32,32,10000,9,1,00:30:00,regular,done,57613886,1.506115
PT_g32_nm1e4_ey8_s10,PT,coarse,g32_nm1e4,8,32,32,32,10000,10,1,00:30:00,regular,done,57613887,1.492431
PT_g32_nm1e4_ey8_s11,PT,coarse,g32_nm1e4,8,32,32,32,10000,11,1,00:30:00,regular,done,57613888,1.513957
PT_g32_nm1e4_ey8_s12,PT,coarse,g32_nm1e4,8,32,32,32,10000,12,1,00:30:00,regular,done,57613889,1.507684
PT_g32_nm1e4_ey8_s13,PT,coarse,g32_nm1e4,8,32,32,32,10000,13,1,00:30:00,regular,done,57613890,1.511912
PT_g32_nm1e4_ey8_s14,PT,coarse,g32_nm1e4,8,32,32,32,10000,14,1,00:30:00,regular,done,57613891,1.529555
PT_g32_nm1e4_ey8_s15,PT,coarse,g32_nm1e4,8,32,32,32,10000,15,1,00:30:00,regular,done,57613892,1.518200
PT_g32_nm1e5_ey8_s1,PT,coarse,g32_nm1e5,8,32,32,32,100000,1,1,00:30:00,regular,done,57613893,1.508462
PT_g32_nm1e5_ey8_s2,PT,coarse,g32_nm1e5,8,32,32,32,100000,2,1,00:30:00,regular,done,57613894,1.502942
PT_g32_nm1e5_ey8_s3,PT,coarse,g32_nm1e5,8,32,32,32,100000,3,1,00:30:00,regular,done,57613895,1.506546
PT_g32_nm1e5_ey8_s4,PT,coarse,g32_nm1e5,8,32,32,32,100000,4,1,00:30:00,regular,done,57613896,1.502615
PT_g32_nm1e5_ey8_s5,PT,coarse,g32_nm1e5,8,32,32,32,100000,5,1,00:30:00,regular,done,57613897,1.509252
PT_g32_nm1e5_ey8_s6,PT,coarse,g32_nm1e5,8,32,32,32,100000,6,1,00:30:00,regular,done,57613898,1.506391
PT_g32_nm1e5_ey8_s7,PT,coarse,g32_nm1e5,8,32,32,32,100000,7,1,00:30:00,regular,done,57613899,1.505825
PT_g32_nm1e5_ey8_s8,PT,coarse,g32_nm1e5,8,32,32,32,100000,8,1,00:30:00,regular,done,57613900,1.505446
PT_g32_nm1e5_ey8_s9,PT,coarse,g32_nm1e5,8,32,32,32,100000,9,1,00:30:00,regular,done,57613901,1.513129
PT_g32_nm1e5_ey8_s10,PT,coarse,g32_nm1e5,8,32,32,32,100000,10,1,00:30:00,regular,done,57613902,1.508343
PT_g32_nm1e5_ey8_s11,PT,coarse,g32_nm1e5,8,32,32,32,100000,11,1,00:30:00,regular,done,57613903,1.505294
PT_g32_nm1e5_ey8_s12,PT,coarse,g32_nm1e5,8,32,32,32,100000,12,1,00:30:00,regular,done,57613904,1.502031
PT_g32_nm1e5_ey8_s13,PT,coarse,g32_nm1e5,8,32,32,32,100000,13,1,00:30:00,regular,done,57613905,1.509216
PT_g32_nm1e5_ey8_s14,PT,coarse,g32_nm1e5,8,32,32,32,100000,14,1,00:30:00,regular,done,57613906,1.502997
PT_g32_nm1e5_ey8_s15,PT,coarse,g32_nm1e5,8,32,32,32,100000,15,1,00:30:00,regular,done,57613907,1.510006
PT_g32_nm1e6_ey8_s1,PT,coarse,g32_nm1e6,8,32,32,32,1000000,1,1,00:30:00,regular,done,57613908,1.508125
PT_g32_nm1e6_ey8_s2,PT,coarse,g32_nm1e6,8,32,32,32,1000000,2,1,00:30:00,regular,done,57613909,1.507031
PT_g32_nm1e6_ey8_s3,PT,coarse,g32_nm1e6,8,32,32,32,1000000,3,1,00:30:00,regular,done,57613910,1.506523
PT_g32_nm1e6_ey8_s4,PT,coarse,g32_nm1e6,8,32,32,32,1000000,4,1,00:30:00,regular,done,57613911,1.507541
PT_g32_nm1e6_ey8_s5,PT,coarse,g32_nm1e6,8,32,32,32,1000000,5,1,00:30:00,regular,done,57613912,1.508516
PT_g32_nm1e6_ey8_s6,PT,coarse,g32_nm1e6,8,32,32,32,1000000,6,1,00:30:00,regular,done,57613913,1.506317
PT_g32_nm1e6_ey8_s7,PT,coarse,g32_nm1e6,8,32,32,32,1000000,7,1,00:30:00,regular,done,57613914,1.506225
PT_g32_nm1e6_ey8_s8,PT,coarse,g32_nm1e6,8,32,32,32,1000000,8,1,00:30:00,regular,done,57613915,1.504176
PT_g32_nm1e6_ey8_s9,PT,coarse,g32_nm1e6,8,32,32,32,1000000,9,1,00:30:00,regular,done,57613916,1.508429
PT_g32_nm1e6_ey8_s10,PT,coarse,g32_nm1e6,8,32,32,32,1000000,10,1,00:30:00,regular,done,57613917,1.506665
PT_g32_nm1e6_ey8_s11,PT,coarse,g32_nm1e6,8,32,32,32,1000000,11,1,00:30:00,regular,done,57613918,1.505388
PT_g32_nm1e6_ey8_s12,PT,coarse,g32_nm1e6,8,32,32,32,1000000,12,1,00:30:00,regular,done,57613919,1.508046
PT_g32_nm1e6_ey8_s13,PT,coarse,g32_nm1e6,8,32,32,32,1000000,13,1,00:30:00,regular,done,57613921,1.508511
PT_g32_nm1e6_ey8_s14,PT,coarse,g32_nm1e6,8,32,32,32,1000000,14,1,00:30:00,regular,done,57613922,1.505827
PT_g32_nm1e6_ey8_s15,PT,coarse,g32_nm1e6,8,32,32,32,1000000,15,1,00:30:00,regular,done,57613923,1.507580
PT_g32_nm1e7_ey8_s1,PT,coarse,g32_nm1e7,8,32,32,32,10000000,1,1,00:30:00,regular,done,57613924,1.507774
PT_g32_nm1e7_ey8_s2,PT,coarse,g32_nm1e7,8,32,32,32,10000000,2,1,00:30:00,regular,done,57613925,1.507155
PT_g32_nm1e7_ey8_s3,PT,coarse,g32_nm1e7,8,32,32,32,10000000,3,1,00:30:00,regular,done,57613926,1.507389
PT_g32_nm1e7_ey8_s4,PT,coarse,g32_nm1e7,8,32,32,32,10000000,4,1,00:30:00,regular,done,57613927,1.507662
PT_g32_nm1e7_ey8_s5,PT,coarse,g32_nm1e7,8,32,32,32,10000000,5,1,00:30:00,regular,done,57613928,1.507578
PT_g32_nm1e7_ey8_s6,PT,coarse,g32_nm1e7,8,32,32,32,10000000,6,1,00:30:00,regular,done,57613929,1.507500
PT_g32_nm1e7_ey8_s7,PT,coarse,g32_nm1e7,8,32,32,32,10000000,7,1,00:30:00,regular,done,57613930,1.506790
PT_g32_nm1e7_ey8_s8,PT,coarse,g32_nm1e7,8,32,32,32,10000000,8,1,00:30:00,regular,done,57613931,1.506978
PT_g32_nm1e7_ey8_s9,PT,coarse,g32_nm1e7,8,32,32,32,10000000,9,1,00:30:00,regular,done,57613932,1.507115
PT_g32_nm1e7_ey8_s10,PT,coarse,g32_nm1e7,8,32,32,32,10000000,10,1,00:30:00,regular,done,57613933,1.507214
PT_g32_nm1e7_ey8_s11,PT,coarse,g32_nm1e7,8,32,32,32,10000000,11,1,00:30:00,regular,done,57613934,1.507018
PT_g32_nm1e7_ey8_s12,PT,coarse,g32_nm1e7,8,32,32,32,10000000,12,1,00:30:00,regular,done,57613935,1.506889
PT_g32_nm1e7_ey8_s13,PT,coarse,g32_nm1e7,8,32,32,32,10000000,13,1,00:30:00,regular,done,57613936,1.507438
PT_g32_nm1e7_ey8_s14,PT,coarse,g32_nm1e7,8,32,32,32,10000000,14,1,00:30:00,regular,done,57613937,1.507363
PT_g32_nm1e7_ey8_s15,PT,coarse,g32_nm1e7,8,32,32,32,10000000,15,1,00:30:00,regular,done,57613938,1.507421
PE_cal_ey40_s1,PE,compare,cal,40,512,256,128,3200,1,1,00:30:00,regular,done,57662411,0.909946
PE_cal_ey40_s2,PE,compare,cal,40,512,256,128,3200,2,1,00:30:00,regular,done,57662412,0.881403
PE_cal_ey40_s3,PE,compare,cal,40,512,256,128,3200,3,1,00:30:00,regular,done,57662413,0.880986
PE_cal_ey40_s4,PE,compare,cal,40,512,256,128,3200,4,1,00:30:00,regular,done,57662414,0.909195
PE_cal_ey40_s5,PE,compare,cal,40,512,256,128,3200,5,1,00:30:00,regular,done,57662415,0.862041
PE_cal_ey40_s6,PE,compare,cal,40,512,256,128,3200,6,1,00:30:00,regular,done,57662416,0.882405
PE_cal_ey40_s7,PE,compare,cal,40,512,256,128,3200,7,1,00:30:00,regular,done,57662417,0.948587
PE_cal_ey40_s8,PE,compare,cal,40,512,256,128,3200,8,1,00:30:00,regular,done,57662418,0.877481
PE_cal_ey40_s9,PE,compare,cal,40,512,256,128,3200,9,1,00:30:00,regular,done,57662419,0.835001
PE_cal_ey40_s10,PE,compare,cal,40,512,256,128,3200,10,1,00:30:00,regular,done,57662420,0.924468
PE_cal_ey40_s11,PE,compare,cal,40,512,256,128,3200,11,1,00:30:00,regular,done,57662421,0.874309
PE_cal_ey40_s12,PE,compare,cal,40,512,256,128,3200,12,1,00:30:00,regular,done,57662422,0.911532
PE_cal_ey40_s13,PE,compare,cal,40,512,256,128,3200,13,1,00:30:00,regular,done,57662423,0.875895
PE_cal_ey40_s14,PE,compare,cal,40,512,256,128,3200,14,1,00:30:00,regular,done,57662424,0.892086
PE_cal_ey40_s15,PE,compare,cal,40,512,256,128,3200,15,1,00:30:00,regular,done,57662425,0.891836
PE_cal_ey60_s1,PE,compare,cal,60,512,128,128,1600,1,1,00:30:00,regular,done,57662426,0.725864
PE_cal_ey60_s2,PE,compare,cal,60,512,128,128,1600,2,1,00:30:00,regular,done,57662427,0.720140
PE_cal_ey60_s3,PE,compare,cal,60,512,128,128,1600,3,1,00:30:00,regular,done,57662428,0.676255
PE_cal_ey60_s4,PE,compare,cal,60,512,128,128,1600,4,1,00:30:00,regular,done,57662429,0.657857
PE_cal_ey60_s5,PE,compare,cal,60,512,128,128,1600,5,1,00:30:00,regular,done,57662430,0.677073
PE_cal_ey60_s6,PE,compare,cal,60,512,128,128,1600,6,1,00:30:00,regular,done,57662431,0.724228
PE_cal_ey60_s7,PE,compare,cal,60,512,128,128,1600,7,1,00:30:00,regular,done,57662432,0.739765
PE_cal_ey60_s8,PE,compare,cal,60,512,128,128,1600,8,1,00:30:00,regular,done,57662433,0.712780
PE_cal_ey60_s9,PE,compare,cal,60,512,128,128,1600,9,1,00:30:00,regular,done,57662434,0.701196
PE_cal_ey60_s10,PE,compare,cal,60,512,128,128,1600,10,1,00:30:00,regular,done,57662435,0.688112
PE_cal_ey60_s11,PE,compare,cal,60,512,128,128,1600,11,1,00:30:00,regular,done,57662436,0.644501
PE_cal_ey60_s12,PE,compare,cal,60,512,128,128,1600,12,1,00:30:00,regular,done,57662437,0.737039
PE_cal_ey60_s13,PE,compare,cal,60,512,128,128,1600,13,1,00:30:00,regular,done,57662438,0.704739
PE_cal_ey60_s14,PE,compare,cal,60,512,128,128,1600,14,1,00:30:00,regular,done,57662439,0.701332
PE_cal_ey60_s15,PE,compare,cal,60,512,128,128,1600,15,1,00:30:00,regular,done,57662440,0.672303
PE_cal_ey80_s1,PE,compare,cal,80,512,128,128,990,1,1,00:30:00,regular,done,57662441,0.638153
PE_cal_ey80_s2,PE,compare,cal,80,512,128,128,990,2,1,00:30:00,regular,done,57662442,0.581120
PE_cal_ey80_s3,PE,compare,cal,80,512,128,128,990,3,1,00:30:00,regular,done,57662443,0.610099
PE_cal_ey80_s4,PE,compare,cal,80,512,128,128,990,4,1,00:30:00,regular,done,57662444,0.558306
PE_cal_ey80_s5,PE,compare,cal,80,512,128,128,990,5,1,00:30:00,regular,done,57662445,0.603933
PE_cal_ey80_s6,PE,compare,cal,80,512,128,128,990,6,1,00:30:00,regular,done,57662446,0.619039
PE_cal_ey80_s7,PE,compare,cal,80,512,128,128,990,7,1,00:30:00,regular,done,57662447,0.643085
PE_cal_ey80_s8,PE,compare,cal,80,512,128,128,990,8,1,00:30:00,regular,done,57662448,0.564164
PE_cal_ey80_s9,PE,compare,cal,80,512,128,128,990,9,1,00:30:00,regular,done,57662449,0.592834
PE_cal_ey80_s10,PE,compare,cal,80,512,128,128,990,10,1,00:30:00,regular,done,57662450,0.613181
PE_cal_ey80_s11,PE,compare,cal,80,512,128,128,990,11,1,00:30:00,regular,done,57662451,0.559231
PE_cal_ey80_s12,PE,compare,cal,80,512,128,128,990,12,1,00:30:00,regular,done,57662452,0.583586
PE_cal_ey80_s13,PE,compare,cal,80,512,128,128,990,13,1,00:30:00,regular,done,57662453,0.628904
PE_cal_ey80_s14,PE,compare,cal,80,512,128,128,990,14,1,00:30:00,regular,done,57662454,0.544125
PE_cal_ey80_s15,PE,compare,cal,80,512,128,128,990,15,1,00:30:00,regular,done,57662455,0.611332
PE_cal_ey100_s1,PE,compare,cal,100,512,128,128,680,1,1,00:30:00,regular,done,57662456,0.509061
PE_cal_ey100_s2,PE,compare,cal,100,512,128,128,680,2,1,00:30:00,regular,done,57662457,0.568676
PE_cal_ey100_s3,PE,compare,cal,100,512,128,128,680,3,1,00:30:00,regular,done,57662458,0.572182
PE_cal_ey100_s4,PE,compare,cal,100,512,128,128,680,4,1,00:30:00,regular,done,57662459,0.486267
PE_cal_ey100_s5,PE,compare,cal,100,512,128,128,680,5,1,00:30:00,regular,done,57662460,0.541206
PE_cal_ey100_s6,PE,compare,cal,100,512,128,128,680,6,1,00:30:00,regular,done,57662461,0.503801
PE_cal_ey100_s7,PE,compare,cal,100,512,128,128,680,7,1,00:30:00,regular,done,57662462,0.524257
PE_cal_ey100_s8,PE,compare,cal,100,512,128,128,680,8,1,00:30:00,regular,done,57662463,0.537115
PE_cal_ey100_s9,PE,compare,cal,100,512,128,128,680,9,1,00:30:00,regular,done,57662464,0.526595
PE_cal_ey100_s10,PE,compare,cal,100,512,128,128,680,10,1,00:30:00,regular,done,57662465,0.489190
PE_cal_ey100_s11,PE,compare,cal,100,512,128,128,680,11,1,00:30:00,regular,done,57662466,0.520750
PE_cal_ey100_s12,PE,compare,cal,100,512,128,128,680,12,1,00:30:00,regular,done,57662467,0.549973
PE_cal_ey100_s13,PE,compare,cal,100,512,128,128,680,13,1,00:30:00,regular,done,57662468,0.514906
PE_cal_ey100_s14,PE,compare,cal,100,512,128,128,680,14,1,00:30:00,regular,done,57662469,0.460551
PE_cal_ey100_s15,PE,compare,cal,100,512,128,128,680,15,1,00:30:00,regular,done,57662470,0.546466
PF_frz20_ey40_s1,PF,compare,frz20,40,512,256,128,10000,1,1,00:30:00,regular,done,57662640,0.894584
PF_frz20_ey40_s2,PF,compare,frz20,40,512,256,128,10000,2,1,00:30:00,regular,done,57662641,0.891729
PF_frz20_ey40_s3,PF,compare,frz20,40,512,256,128,10000,3,1,00:30:00,regular,done,57662642,0.910855
PF_frz20_ey40_s4,PF,compare,frz20,40,512,256,128,10000,4,1,00:30:00,regular,done,57662643,0.903822
PF_frz20_ey40_s5,PF,compare,frz20,40,512,256,128,10000,5,1,00:30:00,regular,done,57662644,0.908445
PF_frz20_ey40_s6,PF,compare,frz20,40,512,256,128,10000,6,1,00:30:00,regular,done,57662645,0.916727
PF_frz20_ey40_s7,PF,compare,frz20,40,512,256,128,10000,7,1,00:30:00,regular,done,57662646,0.916376
PF_frz20_ey40_s8,PF,compare,frz20,40,512,256,128,10000,8,1,00:30:00,regular,done,57662647,0.896267
PF_frz20_ey40_s9,PF,compare,frz20,40,512,256,128,10000,9,1,00:30:00,regular,done,57662648,0.921957
PF_frz20_ey40_s10,PF,compare,frz20,40,512,256,128,10000,10,1,00:30:00,regular,done,57662649,0.893361
PF_frz20_ey40_s11,PF,compare,frz20,40,512,256,128,10000,11,1,00:30:00,regular,done,57662650,0.912359
PF_frz20_ey40_s12,PF,compare,frz20,40,512,256,128,10000,12,1,00:30:00,regular,done,57662651,0.903232
PF_frz20_ey40_s13,PF,compare,frz20,40,512,256,128,10000,13,1,00:30:00,regular,done,57662652,0.915880
PF_frz20_ey40_s14,PF,compare,frz20,40,512,256,128,10000,14,1,00:30:00,regular,done,57662653,0.927042
PF_frz20_ey40_s15,PF,compare,frz20,40,512,256,128,10000,15,1,00:30:00,regular,done,57662654,0.908180
PF_frz20_ey60_s1,PF,compare,frz20,60,512,256,128,10000,1,1,00:30:00,regular,done,57662655,0.714724
PF_frz20_ey60_s2,PF,compare,frz20,60,512,256,128,10000,2,1,00:30:00,regular,done,57662656,0.711165
PF_frz20_ey60_s3,PF,compare,frz20,60,512,256,128,10000,3,1,00:30:00,regular,done,57662657,0.719511
PF_frz20_ey60_s4,PF,compare,frz20,60,512,256,128,10000,4,1,00:30:00,regular,done,57662658,0.716238
PF_frz20_ey60_s5,PF,compare,frz20,60,512,256,128,10000,5,1,00:30:00,regular,done,57662659,0.720537
PF_frz20_ey60_s6,PF,compare,frz20,60,512,256,128,10000,6,1,00:30:00,regular,done,57662660,0.721751
PF_frz20_ey60_s7,PF,compare,frz20,60,512,256,128,10000,7,1,00:30:00,regular,done,57662661,0.724249
PF_frz20_ey60_s8,PF,compare,frz20,60,512,256,128,10000,8,1,00:30:00,regular,done,57662662,0.715589
PF_frz20_ey60_s9,PF,compare,frz20,60,512,256,128,10000,9,1,00:30:00,regular,done,57662663,0.723118
PF_frz20_ey60_s10,PF,compare,frz20,60,512,256,128,10000,10,1,00:30:00,regular,done,57662664,0.704104
PF_frz20_ey60_s11,PF,compare,frz20,60,512,256,128,10000,11,1,00:30:00,regular,done,57662665,0.727005
PF_frz20_ey60_s12,PF,compare,frz20,60,512,256,128,10000,12,1,00:30:00,regular,done,57662666,0.717222
PF_frz20_ey60_s13,PF,compare,frz20,60,512,256,128,10000,13,1,00:30:00,regular,done,57662667,0.722930
PF_frz20_ey60_s14,PF,compare,frz20,60,512,256,128,10000,14,1,00:30:00,regular,done,57662668,0.734060
PF_frz20_ey60_s15,PF,compare,frz20,60,512,256,128,10000,15,1,00:30:00,regular,done,57662669,0.717173
PF_frz20_ey80_s1,PF,compare,frz20,80,512,256,128,10000,1,1,00:30:00,regular,done,57662670,0.608750
PF_frz20_ey80_s2,PF,compare,frz20,80,512,256,128,10000,2,1,00:30:00,regular,done,57662671,0.600925
PF_frz20_ey80_s3,PF,compare,frz20,80,512,256,128,10000,3,1,00:30:00,regular,done,57662672,0.607463
PF_frz20_ey80_s4,PF,compare,frz20,80,512,256,128,10000,4,1,00:30:00,regular,done,57662673,0.605687
PF_frz20_ey80_s5,PF,compare,frz20,80,512,256,128,10000,5,1,00:30:00,regular,done,57662674,0.606424
PF_frz20_ey80_s6,PF,compare,frz20,80,512,256,128,10000,6,1,00:30:00,regular,done,57662675,0.611893
PF_frz20_ey80_s7,PF,compare,frz20,80,512,256,128,10000,7,1,00:30:00,regular,done,57662676,0.613240
PF_frz20_ey80_s8,PF,compare,frz20,80,512,256,128,10000,8,1,00:30:00,regular,done,57662677,0.606122
PF_frz20_ey80_s9,PF,compare,frz20,80,512,256,128,10000,9,1,00:30:00,regular,done,57662678,0.608926
PF_frz20_ey80_s10,PF,compare,frz20,80,512,256,128,10000,10,1,00:30:00,regular,done,57662679,0.593842
PF_frz20_ey80_s11,PF,compare,frz20,80,512,256,128,10000,11,1,00:30:00,regular,done,57662680,0.613700
PF_frz20_ey80_s12,PF,compare,frz20,80,512,256,128,10000,12,1,00:30:00,regular,done,57662681,0.609705
PF_frz20_ey80_s13,PF,compare,frz20,80,512,256,128,10000,13,1,00:30:00,regular,done,57662682,0.609711
PF_frz20_ey80_s14,PF,compare,frz20,80,512,256,128,10000,14,1,00:30:00,regular,done,57662683,0.619930
PF_frz20_ey80_s15,PF,compare,frz20,80,512,256,128,10000,15,1,00:30:00,regular,done,57662684,0.602333
PF_frz20_ey100_s1,PF,compare,frz20,100,512,256,128,10000,1,1,00:30:00,regular,done,57662685,0.532316
PF_frz20_ey100_s2,PF,compare,frz20,100,512,256,128,10000,2,1,00:30:00,regular,done,57662686,0.526819
PF_frz20_ey100_s3,PF,compare,frz20,100,512,256,128,10000,3,1,00:30:00,regular,done,57662687,0.534646
PF_frz20_ey100_s4,PF,compare,frz20,100,512,256,128,10000,4,1,00:30:00,regular,done,57662688,0.530592
PF_frz20_ey100_s5,PF,compare,frz20,100,512,256,128,10000,5,1,00:30:00,regular,done,57662689,0.535408
PF_frz20_ey100_s6,PF,compare,frz20,100,512,256,128,10000,6,1,00:30:00,regular,done,57662690,0.531700
PF_frz20_ey100_s7,PF,compare,frz20,100,512,256,128,10000,7,1,00:30:00,regular,done,57662691,0.541564
PF_frz20_ey100_s8,PF,compare,frz20,100,512,256,128,10000,8,1,00:30:00,regular,done,57662692,0.533705
PF_frz20_ey100_s9,PF,compare,frz20,100,512,256,128,10000,9,1,00:30:00,regular,done,57662693,0.531749
PF_frz20_ey100_s10,PF,compare,frz20,100,512,256,128,10000,10,1,00:30:00,regular,done,57662694,0.521290
PF_frz20_ey100_s11,PF,compare,frz20,100,512,256,128,10000,11,1,00:30:00,regular,done,57662695,0.537764
PF_frz20_ey100_s12,PF,compare,frz20,100,512,256,128,10000,12,1,00:30:00,regular,done,57662696,0.536635
PF_frz20_ey100_s13,PF,compare,frz20,100,512,256,128,10000,13,1,00:30:00,regular,done,57662697,0.533673
PF_frz20_ey100_s14,PF,compare,frz20,100,512,256,128,10000,14,1,00:30:00,regular,done,57662698,0.542883
PF_frz20_ey100_s15,PF,compare,frz20,100,512,256,128,10000,15,1,00:30:00,regular,done,57662699,0.528500
PD_brtest_ey8_s1,PD,compare,brtest,8,512,256,128,40000,1,1,00:30:00,regular,done,57743016,2.314454
PD_br_ey20_s1,PD,compare,br,20,512,256,128,10000,1,1,00:30:00,regular,done,57743882,1.313839
PD_br_ey20_s2,PD,compare,br,20,512,256,128,10000,2,1,00:30:00,regular,done,57743883,1.278125
PD_br_ey20_s3,PD,compare,br,20,512,256,128,10000,3,1,00:30:00,regular,done,57743884,1.347632
PD_br_ey20_s4,PD,compare,br,20,512,256,128,10000,4,1,00:30:00,regular,done,57743885,1.315217
PD_br_ey20_s5,PD,compare,br,20,512,256,128,10000,5,1,00:30:00,regular,done,57743886,1.347656
PD_br_ey20_s6,PD,compare,br,20,512,256,128,10000,6,1,00:30:00,regular,done,57743887,1.355753
PD_br_ey20_s7,PD,compare,br,20,512,256,128,10000,7,1,00:30:00,regular,done,57743888,1.341770
PD_br_ey20_s8,PD,compare,br,20,512,256,128,10000,8,1,00:30:00,regular,done,57743889,1.310588
PD_br_ey20_s9,PD,compare,br,20,512,256,128,10000,9,1,00:30:00,regular,done,57743890,1.357228
PD_br_ey20_s10,PD,compare,br,20,512,256,128,10000,10,1,00:30:00,regular,done,57743891,1.337310
PD_br_ey20_s11,PD,compare,br,20,512,256,128,10000,11,1,00:30:00,regular,done,57743892,1.327448
PD_br_ey20_s12,PD,compare,br,20,512,256,128,10000,12,1,00:30:00,regular,done,57743893,1.335787
PD_br_ey20_s13,PD,compare,br,20,512,256,128,10000,13,1,00:30:00,regular,done,57743894,1.335775
PD_br_ey20_s14,PD,compare,br,20,512,256,128,10000,14,1,00:30:00,regular,done,57743895,1.378910
PD_br_ey20_s15,PD,compare,br,20,512,256,128,10000,15,1,00:30:00,regular,done,57743896,1.341250
PD_br_ey16_s1,PD,compare,br,16,512,256,128,14000,1,1,00:30:00,regular,done,57743897,1.536116
PD_br_ey16_s2,PD,compare,br,16,512,256,128,14000,2,1,00:30:00,regular,done,57743898,1.503727
PD_br_ey16_s3,PD,compare,br,16,512,256,128,14000,3,1,00:30:00,regular,done,57743899,1.530497
PD_br_ey16_s4,PD,compare,br,16,512,256,128,14000,4,1,00:30:00,regular,done,57743900,1.539329
PD_br_ey16_s5,PD,compare,br,16,512,256,128,14000,5,1,00:30:00,regular,done,57743901,1.520039
PD_br_ey16_s6,PD,compare,br,16,512,256,128,14000,6,1,00:30:00,regular,done,57743902,1.530139
PD_br_ey16_s7,PD,compare,br,16,512,256,128,14000,7,1,00:30:00,regular,done,57743903,1.527671
PD_br_ey16_s8,PD,compare,br,16,512,256,128,14000,8,1,00:30:00,regular,done,57743904,1.518736
PD_br_ey16_s9,PD,compare,br,16,512,256,128,14000,9,1,00:30:00,regular,done,57743905,1.518929
PD_br_ey16_s10,PD,compare,br,16,512,256,128,14000,10,1,00:30:00,regular,done,57743906,1.482527
PD_br_ey16_s11,PD,compare,br,16,512,256,128,14000,11,1,00:30:00,regular,done,57743907,1.492048
PD_br_ey16_s12,PD,compare,br,16,512,256,128,14000,12,1,00:30:00,regular,done,57743908,1.532104
PD_br_ey16_s13,PD,compare,br,16,512,256,128,14000,13,1,00:30:00,regular,done,57743909,1.530676
PD_br_ey16_s14,PD,compare,br,16,512,256,128,14000,14,1,00:30:00,regular,done,57743910,1.531910
PD_br_ey16_s15,PD,compare,br,16,512,256,128,14000,15,1,00:30:00,regular,done,57743911,1.555689
PD_br_ey12_s1,PD,compare,br,12,512,256,128,22000,1,1,00:30:00,regular,done,57743912,1.780773
PD_br_ey12_s2,PD,compare,br,12,512,256,128,22000,2,1,00:30:00,regular,done,57743913,1.751382
PD_br_ey12_s3,PD,compare,br,12,512,256,128,22000,3,1,00:30:00,regular,done,57743914,1.816164
PD_br_ey12_s4,PD,compare,br,12,512,256,128,22000,4,1,00:30:00,regular,done,57743915,1.822656
PD_br_ey12_s5,PD,compare,br,12,512,256,128,22000,5,1,00:30:00,regular,done,57743916,1.798056
PD_br_ey12_s6,PD,compare,br,12,512,256,128,22000,6,1,00:30:00,regular,done,57743917,1.781457
PD_br_ey12_s7,PD,compare,br,12,512,256,128,22000,7,1,00:30:00,regular,done,57743918,1.803988
PD_br_ey12_s8,PD,compare,br,12,512,256,128,22000,8,1,00:30:00,regular,done,57743919,1.836615
PD_br_ey12_s9,PD,compare,br,12,512,256,128,22000,9,1,00:30:00,regular,done,57743920,1.792637
PD_br_ey12_s10,PD,compare,br,12,512,256,128,22000,10,1,00:30:00,regular,done,57743921,1.731250
PD_br_ey12_s11,PD,compare,br,12,512,256,128,22000,11,1,00:30:00,regular,done,57743922,1.807724
PD_br_ey12_s12,PD,compare,br,12,512,256,128,22000,12,1,00:30:00,regular,done,57743923,1.778123
PD_br_ey12_s13,PD,compare,br,12,512,256,128,22000,13,1,00:30:00,regular,done,57743924,1.781727
PD_br_ey12_s14,PD,compare,br,12,512,256,128,22000,14,1,00:30:00,regular,done,57743925,1.791599
PD_br_ey12_s15,PD,compare,br,12,512,256,128,22000,15,1,00:30:00,regular,done,57743926,1.794145
PD_br_ey8_s2,PD,compare,br,8,512,256,128,40000,2,1,00:30:00,regular,done,57743927,2.262373
PD_br_ey8_s3,PD,compare,br,8,512,256,128,40000,3,1,00:30:00,regular,done,57743928,2.311522
PD_br_ey8_s4,PD,compare,br,8,512,256,128,40000,4,1,00:30:00,regular,done,57743929,2.272489
PD_br_ey8_s5,PD,compare,br,8,512,256,128,40000,5,1,00:30:00,regular,done,57743930,2.241917
PD_br_ey8_s6,PD,compare,br,8,512,256,128,40000,6,1,00:30:00,regular,done,57743931,2.233709
PD_br_ey8_s7,PD,compare,br,8,512,256,128,40000,7,1,00:30:00,regular,done,57743932,2.245800
PD_br_ey8_s8,PD,compare,br,8,512,256,128,40000,8,1,00:30:00,regular,done,57743933,2.305113
PD_br_ey8_s9,PD,compare,br,8,512,256,128,40000,9,1,00:30:00,regular,done,57743934,2.203561
PD_br_ey8_s10,PD,compare,br,8,512,256,128,40000,10,1,00:30:00,regular,done,57743935,2.103575
PD_br_ey8_s11,PD,compare,br,8,512,256,128,40000,11,1,00:30:00,regular,done,57743936,2.249441
PD_br_ey8_s12,PD,compare,br,8,512,256,128,40000,12,1,00:30:00,regular,done,57743937,2.152029
PD_br_ey8_s13,PD,compare,br,8,512,256,128,40000,13,1,00:30:00,regular,done,57743938,2.329513
PD_br_ey8_s14,PD,compare,br,8,512,256,128,40000,14,1,00:30:00,regular,done,57743939,2.275710
PD_br_ey8_s15,PD,compare,br,8,512,256,128,40000,15,1,00:30:00,regular,done,57743940,2.305095
PD_br_ey4_s1,PD,compare,br,4,512,256,128,110000,1,1,00:30:00,regular,done,57743941,3.398130
PD_br_ey4_s2,PD,compare,br,4,512,256,128,110000,2,1,00:30:00,regular,done,57743942,3.393692
PD_br_ey4_s3,PD,compare,br,4,512,256,128,110000,3,1,00:30:00,regular,done,57743943,3.348822
PD_br_ey4_s4,PD,compare,br,4,512,256,128,110000,4,1,00:30:00,regular,done,57743944,3.393966
PD_br_ey4_s5,PD,compare,br,4,512,256,128,110000,5,1,00:30:00,regular,done,57743945,3.304689
PD_br_ey4_s6,PD,compare,br,4,512,256,128,110000,6,1,00:30:00,regular,done,57743946,3.313817
PD_br_ey4_s7,PD,compare,br,4,512,256,128,110000,7,1,00:30:00,regular,done,57743947,3.410690
PD_br_ey4_s8,PD,compare,br,4,512,256,128,110000,8,1,00:30:00,regular,done,57743948,3.387340
PD_br_ey4_s9,PD,compare,br,4,512,256,128,110000,9,1,00:30:00,regular,done,57743949,3.263044
PD_br_ey4_s10,PD,compare,br,4,512,256,128,110000,10,1,00:30:00,regular,done,57743950,3.216321
PD_br_ey4_s11,PD,compare,br,4,512,256,128,110000,11,1,00:30:00,regular,done,57743952,3.391959
PD_br_ey4_s12,PD,compare,br,4,512,256,128,110000,12,1,00:30:00,regular,done,57743953,3.379246
PD_br_ey4_s13,PD,compare,br,4,512,256,128,110000,13,1,00:30:00,regular,done,57743954,3.349167
PD_br_ey4_s14,PD,compare,br,4,512,256,128,110000,14,1,00:30:00,regular,done,57743955,3.350442
PD_br_ey4_s15,PD,compare,br,4,512,256,128,110000,15,1,00:30:00,regular,done,57743956,3.460409
PD_br_ey2_s1,PD,compare,br,2,512,256,128,310000,1,1,00:30:00,regular,done,57743957,5.082897
PD_br_ey2_s2,PD,compare,br,2,512,256,128,310000,2,1,00:30:00,regular,done,57743958,5.067278
PD_br_ey2_s3,PD,compare,br,2,512,256,128,310000,3,1,00:30:00,regular,done,57743959,5.096488
PD_br_ey2_s4,PD,compare,br,2,512,256,128,310000,4,1,00:30:00,regular,done,57743960,5.153018
PD_br_ey2_s5,PD,compare,br,2,512,256,128,310000,5,1,00:30:00,regular,done,57743961,4.981251
PD_br_ey2_s6,PD,compare,br,2,512,256,128,310000,6,1,00:30:00,regular,done,57743962,4.957305
PD_br_ey2_s7,PD,compare,br,2,512,256,128,310000,7,1,00:30:00,regular,done,57743963,5.189664
PD_br_ey2_s8,PD,compare,br,2,512,256,128,310000,8,1,00:30:00,regular,done,57743964,5.179133
PD_br_ey2_s9,PD,compare,br,2,512,256,128,310000,9,1,00:30:00,regular,done,57743965,4.927695
PD_br_ey2_s10,PD,compare,br,2,512,256,128,310000,10,1,00:30:00,regular,done,57743966,4.992036
PD_br_ey2_s11,PD,compare,br,2,512,256,128,310000,11,1,00:30:00,regular,done,57743967,5.158321
PD_br_ey2_s12,PD,compare,br,2,512,256,128,310000,12,1,00:30:00,regular,done,57743968,5.108868
PD_br_ey2_s13,PD,compare,br,2,512,256,128,310000,13,1,00:30:00,regular,done,57743969,5.038823
PD_br_ey2_s14,PD,compare,br,2,512,256,128,310000,14,1,00:30:00,regular,done,57743970,5.145954
PD_br_ey2_s15,PD,compare,br,2,512,256,128,310000,15,1,00:30:00,regular,done,57743971,5.025130
PD_br_ey1_s1,PD,compare,br,1,512,512,128,880000,1,1,00:30:00,regular,done,57743972,7.924448
PD_br_ey1_s2,PD,compare,br,1,512,512,128,880000,2,1,00:30:00,regular,done,57743973,7.886696
PD_br_ey1_s3,PD,compare,br,1,512,512,128,880000,3,1,00:30:00,regular,done,57743974,7.846279
PD_br_ey1_s4,PD,compare,br,1,512,512,128,880000,4,1,00:30:00,regular,done,57743975,7.785498
PD_br_ey1_s5,PD,compare,br,1,512,512,128,880000,5,1,00:30:00,regular,done,57743976,7.883133
PD_br_ey1_s6,PD,compare,br,1,512,512,128,880000,6,1,00:30:00,regular,done,57743977,7.882940
PD_br_ey1_s7,PD,compare,br,1,512,512,128,880000,7,1,00:30:00,regular,done,57743978,7.894085
PD_br_ey1_s8,PD,compare,br,1,512,512,128,880000,8,1,00:30:00,regular,done,57743979,7.853596
PD_br_ey1_s9,PD,compare,br,1,512,512,128,880000,9,1,00:30:00,regular,done,57743980,7.843310
PD_br_ey1_s10,PD,compare,br,1,512,512,128,880000,10,1,00:30:00,regular,done,57743981,7.866703
PD_br_ey1_s11,PD,compare,br,1,512,512,128,880000,11,1,00:30:00,regular,done,57743982,7.849589
PD_br_ey1_s12,PD,compare,br,1,512,512,128,880000,12,1,00:30:00,regular,done,57743983,7.900619
PD_br_ey1_s13,PD,compare,br,1,512,512,128,880000,13,1,00:30:00,regular,done,57743984,7.859571
PD_br_ey1_s14,PD,compare,br,1,512,512,128,880000,14,1,00:30:00,regular,done,57743985,7.804175
PD_br_ey1_s15,PD,compare,br,1,512,512,128,880000,15,1,00:30:00,regular,done,57743986,7.803168
PD_br_ey0p5_s1,PD,compare,br,0.5,512,512,128,2500000,1,1,00:30:00,regular,done,57743987,11.746589
PD_br_ey0p5_s2,PD,compare,br,0.5,512,512,128,2500000,2,1,00:30:00,regular,done,57743988,11.761332
PD_br_ey0p5_s3,PD,compare,br,0.5,512,512,128,2500000,3,1,00:30:00,regular,done,57743989,11.745002
PD_br_ey0p5_s4,PD,compare,br,0.5,512,512,128,2500000,4,1,00:30:00,regular,done,57743990,11.743928
PD_br_ey0p5_s5,PD,compare,br,0.5,512,512,128,2500000,5,1,00:30:00,regular,done,57743991,11.722907
PD_br_ey0p5_s6,PD,compare,br,0.5,512,512,128,2500000,6,1,00:30:00,regular,done,57743992,11.752591
PD_br_ey0p5_s7,PD,compare,br,0.5,512,512,128,2500000,7,1,00:30:00,regular,done,57743993,11.756059
PD_br_ey0p5_s8,PD,compare,br,0.5,512,512,128,2500000,8,1,00:30:00,regular,done,57743994,11.736795
PD_br_ey0p5_s9,PD,compare,br,0.5,512,512,128,2500000,9,1,00:30:00,regular,done,57743995,11.751032
PD_br_ey0p5_s10,PD,compare,br,0.5,512,512,128,2500000,10,1,00:30:00,regular,done,57743996,11.721311
PD_br_ey0p5_s11,PD,compare,br,0.5,512,512,128,2500000,11,1,00:30:00,regular,done,57743997,11.776730
PD_br_ey0p5_s12,PD,compare,br,0.5,512,512,128,2500000,12,1,00:30:00,regular,done,57743998,11.763655
PD_br_ey0p5_s13,PD,compare,br,0.5,512,512,128,2500000,13,1,00:30:00,regular,done,57743999,11.745853
PD_br_ey0p5_s14,PD,compare,br,0.5,512,512,128,2500000,14,1,00:30:00,regular,done,57744000,11.735253
PD_br_ey0p5_s15,PD,compare,br,0.5,512,512,128,2500000,15,1,00:30:00,regular,done,57744001,11.714994
PP_slice_ey20_s1,PP,compare,slice,20,512,256,128,10000,1,1,00:30:00,regular,done,57762955,1.314226
PP_slice_ey16_s1,PP,compare,slice,16,512,256,128,14000,1,1,00:30:00,regular,done,57762956,1.536406
PP_slice_ey12_s1,PP,compare,slice,12,512,256,128,22000,1,1,00:30:00,regular,done,57762964,1.781508
PP_slice_ey8_s1,PP,compare,slice,8,512,256,128,40000,1,1,00:30:00,regular,done,57762965,2.313882
PP_slice_ey4_s1,PP,compare,slice,4,512,256,128,110000,1,1,00:30:00,regular,done,57762966,3.398945
PP_slice_ey2_s1,PP,compare,slice,2,512,256,128,310000,1,1,00:30:00,regular,done,57762967,5.081626
PP_slice_ey1_s1,PP,compare,slice,1,512,512,128,880000,1,1,00:30:00,regular,done,57762968,7.924569
PP_slice_ey0p5_s1,PP,compare,slice,0.5,512,512,128,2500000,1,1,00:30:00,regular,done,57762969,11.746860
PQ_slice1024_ey20_s1,PQ,compare,slice1024,20,512,1024,128,10000,1,1,00:30:00,regular,done,57780164,1.336089
PQ_slice1024_ey20_s2,PQ,compare,slice1024,20,512,1024,128,10000,2,1,00:30:00,regular,done,57780165,1.275127
PQ_slice1024_ey20_s3,PQ,compare,slice1024,20,512,1024,128,10000,3,1,00:30:00,regular,done,57780166,1.367030
PQ_slice1024_ey20_s4,PQ,compare,slice1024,20,512,1024,128,10000,4,1,00:30:00,regular,done,57780167,1.328838
PQ_slice1024_ey20_s5,PQ,compare,slice1024,20,512,1024,128,10000,5,1,00:30:00,regular,done,57780168,1.365869
PQ_slice1024_ey20_s6,PQ,compare,slice1024,20,512,1024,128,10000,6,1,00:30:00,regular,done,57780202,1.371429
PQ_slice1024_ey20_s7,PQ,compare,slice1024,20,512,1024,128,10000,7,1,00:30:00,regular,done,57780204,1.367030
PQ_slice1024_ey20_s8,PQ,compare,slice1024,20,512,1024,128,10000,8,1,00:30:00,regular,done,57780205,1.325019
PQ_slice1024_ey20_s9,PQ,compare,slice1024,20,512,1024,128,10000,9,1,00:30:00,regular,done,57780209,1.367223
PQ_slice1024_ey20_s10,PQ,compare,slice1024,20,512,1024,128,10000,10,1,00:30:00,regular,done,57780211,1.350641
PQ_slice1024_ey16_s1,PQ,compare,slice1024,16,512,1024,128,14000,1,1,00:30:00,regular,done,57780212,1.542121
PQ_slice1024_ey16_s2,PQ,compare,slice1024,16,512,1024,128,14000,2,1,00:30:00,regular,done,57780213,1.517605
PQ_slice1024_ey16_s3,PQ,compare,slice1024,16,512,1024,128,14000,3,1,00:30:00,regular,done,57780214,1.540963
PQ_slice1024_ey16_s4,PQ,compare,slice1024,16,512,1024,128,14000,4,1,00:30:00,regular,done,57780215,1.566030
PQ_slice1024_ey16_s5,PQ,compare,slice1024,16,512,1024,128,14000,5,1,00:30:00,regular,done,57780216,1.524086
PQ_slice1024_ey16_s6,PQ,compare,slice1024,16,512,1024,128,14000,6,1,00:30:00,regular,done,57780217,1.538398
PQ_slice1024_ey16_s7,PQ,compare,slice1024,16,512,1024,128,14000,7,1,00:30:00,regular,done,57780218,1.539666
PQ_slice1024_ey16_s8,PQ,compare,slice1024,16,512,1024,128,14000,8,1,00:30:00,regular,done,57780219,1.535006
PQ_slice1024_ey16_s9,PQ,compare,slice1024,16,512,1024,128,14000,9,1,00:30:00,regular,done,57780220,1.520059
PQ_slice1024_ey16_s10,PQ,compare,slice1024,16,512,1024,128,14000,10,1,00:30:00,regular,done,57780221,1.495488
PQ_slice1024_ey12_s1,PQ,compare,slice1024,12,512,1024,128,22000,1,1,00:30:00,regular,done,57780222,1.789848
PQ_slice1024_ey12_s2,PQ,compare,slice1024,12,512,1024,128,22000,2,1,00:30:00,regular,done,57780223,1.766340
PQ_slice1024_ey12_s3,PQ,compare,slice1024,12,512,1024,128,22000,3,1,00:30:00,regular,done,57780224,1.830339
PQ_slice1024_ey12_s4,PQ,compare,slice1024,12,512,1024,128,22000,4,1,00:30:00,regular,done,57780225,1.828907
PQ_slice1024_ey12_s5,PQ,compare,slice1024,12,512,1024,128,22000,5,1,00:30:00,regular,done,57780226,1.811770
PQ_slice1024_ey12_s6,PQ,compare,slice1024,12,512,1024,128,22000,6,1,00:30:00,regular,done,57780227,1.784484
PQ_slice1024_ey12_s7,PQ,compare,slice1024,12,512,1024,128,22000,7,1,00:30:00,regular,done,57780228,1.819765
PQ_slice1024_ey12_s8,PQ,compare,slice1024,12,512,1024,128,22000,8,1,00:30:00,regular,done,57780229,1.842718
PQ_slice1024_ey12_s9,PQ,compare,slice1024,12,512,1024,128,22000,9,1,00:30:00,regular,done,57780230,1.805438
PQ_slice1024_ey12_s10,PQ,compare,slice1024,12,512,1024,128,22000,10,1,00:30:00,regular,done,57780231,1.749319
PQ_slice1024_ey8_s1,PQ,compare,slice1024,8,512,1024,128,40000,1,1,00:30:00,regular,done,57780232,2.330972
PQ_slice1024_ey8_s2,PQ,compare,slice1024,8,512,1024,128,40000,2,1,00:30:00,regular,done,57780233,2.283818
PQ_slice1024_ey8_s3,PQ,compare,slice1024,8,512,1024,128,40000,3,1,00:30:00,regular,done,57780234,2.331191
PQ_slice1024_ey8_s4,PQ,compare,slice1024,8,512,1024,128,40000,4,1,00:30:00,regular,done,57780235,2.294534
PQ_slice1024_ey8_s5,PQ,compare,slice1024,8,512,1024,128,40000,5,1,00:30:00,regular,done,57780236,2.257638
PQ_slice1024_ey8_s6,PQ,compare,slice1024,8,512,1024,128,40000,6,1,00:30:00,regular,done,57780237,2.250247
PQ_slice1024_ey8_s7,PQ,compare,slice1024,8,512,1024,128,40000,7,1,00:30:00,regular,done,57780238,2.258531
PQ_slice1024_ey8_s8,PQ,compare,slice1024,8,512,1024,128,40000,8,1,00:30:00,regular,done,57780239,2.324312
PQ_slice1024_ey8_s9,PQ,compare,slice1024,8,512,1024,128,40000,9,1,00:30:00,regular,done,57780240,2.220780
PQ_slice1024_ey8_s10,PQ,compare,slice1024,8,512,1024,128,40000,10,1,00:30:00,regular,done,57780241,2.115753
PQ_slice1024_ey4_s1,PQ,compare,slice1024,4,512,1024,128,110000,1,1,00:30:00,regular,done,57780242,3.442314
PQ_slice1024_ey4_s2,PQ,compare,slice1024,4,512,1024,128,110000,2,1,00:30:00,regular,done,57780243,3.431569
PQ_slice1024_ey4_s3,PQ,compare,slice1024,4,512,1024,128,110000,3,1,00:30:00,regular,done,57780244,3.392569
PQ_slice1024_ey4_s4,PQ,compare,slice1024,4,512,1024,128,110000,4,1,00:30:00,regular,done,57780245,3.436214
PQ_slice1024_ey4_s5,PQ,compare,slice1024,4,512,1024,128,110000,5,1,00:30:00,regular,done,57780246,3.338764
PQ_slice1024_ey4_s6,PQ,compare,slice1024,4,512,1024,128,110000,6,1,00:30:00,regular,done,57780247,3.353576
PQ_slice1024_ey4_s7,PQ,compare,slice1024,4,512,1024,128,110000,7,1,00:30:00,regular,done,57780248,3.449780
PQ_slice1024_ey4_s8,PQ,compare,slice1024,4,512,1024,128,110000,8,1,00:30:00,regular,done,57780249,3.431153
PQ_slice1024_ey4_s9,PQ,compare,slice1024,4,512,1024,128,110000,9,1,00:30:00,regular,done,57780250,3.304517
PQ_slice1024_ey4_s10,PQ,compare,slice1024,4,512,1024,128,110000,10,1,00:30:00,regular,done,57780251,3.253786
PQ_slice1024_ey2_s1,PQ,compare,slice1024,2,512,1024,128,310000,1,1,00:30:00,regular,done,57780252,5.169181
PQ_slice1024_ey2_s2,PQ,compare,slice1024,2,512,1024,128,310000,2,1,00:30:00,regular,done,57780253,5.153985
PQ_slice1024_ey2_s3,PQ,compare,slice1024,2,512,1024,128,310000,3,1,00:30:00,regular,done,57780254,5.187877
PQ_slice1024_ey2_s4,PQ,compare,slice1024,2,512,1024,128,310000,4,1,00:30:00,regular,done,57780255,5.237719
PQ_slice1024_ey2_s5,PQ,compare,slice1024,2,512,1024,128,310000,5,1,00:30:00,regular,done,57780256,5.075861
PQ_slice1024_ey2_s6,PQ,compare,slice1024,2,512,1024,128,310000,6,1,00:30:00,regular,done,57780257,5.062280
PQ_slice1024_ey2_s7,PQ,compare,slice1024,2,512,1024,128,310000,7,1,00:30:00,regular,done,57780258,5.267799
PQ_slice1024_ey2_s8,PQ,compare,slice1024,2,512,1024,128,310000,8,1,00:30:00,regular,done,57780259,5.257238
PQ_slice1024_ey2_s9,PQ,compare,slice1024,2,512,1024,128,310000,9,1,00:30:00,regular,done,57780260,5.038240
PQ_slice1024_ey2_s10,PQ,compare,slice1024,2,512,1024,128,310000,10,1,00:30:00,regular,done,57780261,5.080455
PQ_slice1024_ey1_s1,PQ,compare,slice1024,1,512,1024,128,880000,1,1,00:30:00,regular,done,57780262,7.951255
PQ_slice1024_ey1_s2,PQ,compare,slice1024,1,512,1024,128,880000,2,1,00:30:00,regular,done,57780263,7.911949
PQ_slice1024_ey1_s3,PQ,compare,slice1024,1,512,1024,128,880000,3,1,00:30:00,regular,done,57780264,7.875605
PQ_slice1024_ey1_s4,PQ,compare,slice1024,1,512,1024,128,880000,4,1,00:30:00,regular,done,57780266,7.814193
PQ_slice1024_ey1_s5,PQ,compare,slice1024,1,512,1024,128,880000,5,1,00:30:00,regular,done,57780268,7.908193
PQ_slice1024_ey1_s6,PQ,compare,slice1024,1,512,1024,128,880000,6,1,00:30:00,regular,done,57780270,7.905536
PQ_slice1024_ey1_s7,PQ,compare,slice1024,1,512,1024,128,880000,7,1,00:30:00,regular,done,57780272,7.917068
PQ_slice1024_ey1_s8,PQ,compare,slice1024,1,512,1024,128,880000,8,1,00:30:00,regular,done,57780274,7.880073
PQ_slice1024_ey1_s9,PQ,compare,slice1024,1,512,1024,128,880000,9,1,00:30:00,regular,done,57780276,7.874270
PQ_slice1024_ey0p5_s1,PQ,compare,slice1024,0.5,512,1024,128,2500000,1,1,00:30:00,regular,done,57780280,11.769810
PQ_slice1024_ey0p5_s2,PQ,compare,slice1024,0.5,512,1024,128,2500000,2,1,00:30:00,regular,done,57780282,11.784622
PQ_slice1024_ey0p5_s3,PQ,compare,slice1024,0.5,512,1024,128,2500000,3,1,00:30:00,regular,done,57780283,11.769521
PQ_slice1024_ey0p5_s4,PQ,compare,slice1024,0.5,512,1024,128,2500000,4,1,00:30:00,regular,done,57780285,11.767178
PQ_slice1024_ey0p5_s5,PQ,compare,slice1024,0.5,512,1024,128,2500000,5,1,00:30:00,regular,done,57780287,11.746499
PQ_slice1024_ey0p5_s6,PQ,compare,slice1024,0.5,512,1024,128,2500000,6,1,00:30:00,regular,done,57780289,11.775779
PQ_slice1024_ey0p5_s7,PQ,compare,slice1024,0.5,512,1024,128,2500000,7,1,00:30:00,regular,done,57780290,11.778616
PQ_slice1024_ey0p5_s8,PQ,compare,slice1024,0.5,512,1024,128,2500000,8,1,00:30:00,regular,done,57780291,11.761608
PQ_slice1024_ey0p5_s9,PQ,compare,slice1024,0.5,512,1024,128,2500000,9,1,00:30:00,regular,done,57780292,11.775394
PQ_slice1024_ey0p5_s10,PQ,compare,slice1024,0.5,512,1024,128,2500000,10,1,00:30:00,regular,done,57780293,11.746567
PQ_slice1024_ey1_s10,PQ,compare,slice1024,1,512,1024,128,880000,10,1,01:00:00,regular,done,57835054,7.892699
PG_uncal_ey40_s1,PG,compare,uncal,40,512,512,256,100000,1,1,00:30:00,regular,done,57835885,0.918011
PG_uncal_ey40_s2,PG,compare,uncal,40,512,512,256,100000,2,1,00:30:00,regular,done,57835886,0.916612
PG_uncal_ey40_s3,PG,compare,uncal,40,512,512,256,100000,3,1,00:30:00,regular,done,57835887,0.917727
PG_uncal_ey40_s4,PG,compare,uncal,40,512,512,256,100000,4,1,00:30:00,regular,done,57835888,0.915367
PG_uncal_ey40_s5,PG,compare,uncal,40,512,512,256,100000,5,1,00:30:00,regular,done,57835889,0.922145
PG_uncal_ey40_s6,PG,compare,uncal,40,512,512,256,100000,6,1,00:30:00,regular,done,57835890,0.918406
PG_uncal_ey40_s7,PG,compare,uncal,40,512,512,256,100000,7,1,00:30:00,regular,done,57835891,0.915449
PG_uncal_ey40_s8,PG,compare,uncal,40,512,512,256,100000,8,1,00:30:00,regular,done,57835892,0.921566
PG_uncal_ey40_s9,PG,compare,uncal,40,512,512,256,100000,9,1,00:30:00,regular,done,57835893,0.920653
PG_uncal_ey40_s10,PG,compare,uncal,40,512,512,256,100000,10,1,00:30:00,regular,done,57835894,0.917319
PG_uncal_ey40_s11,PG,compare,uncal,40,512,512,256,100000,11,1,00:30:00,regular,done,57835895,0.916504
PG_uncal_ey40_s12,PG,compare,uncal,40,512,512,256,100000,12,1,00:30:00,regular,done,57835896,0.916619
PG_uncal_ey40_s13,PG,compare,uncal,40,512,512,256,100000,13,1,00:30:00,regular,done,57835897,0.928808
PG_uncal_ey40_s14,PG,compare,uncal,40,512,512,256,100000,14,1,00:30:00,regular,done,57835898,0.915288
PG_uncal_ey40_s15,PG,compare,uncal,40,512,512,256,100000,15,1,00:30:00,regular,done,57835899,0.924898
PG_uncal_ey60_s1,PG,compare,uncal,60,512,512,256,100000,1,1,00:30:00,regular,done,57835900,0.724028
PG_uncal_ey60_s2,PG,compare,uncal,60,512,512,256,100000,2,1,00:30:00,regular,done,57835901,0.722790
PG_uncal_ey60_s3,PG,compare,uncal,60,512,512,256,100000,3,1,00:30:00,regular,done,57835902,0.724037
PG_uncal_ey60_s4,PG,compare,uncal,60,512,512,256,100000,4,1,00:30:00,regular,done,57835903,0.721051
PG_uncal_ey60_s5,PG,compare,uncal,60,512,512,256,100000,5,1,00:30:00,regular,done,57835904,0.726042
PG_uncal_ey60_s6,PG,compare,uncal,60,512,512,256,100000,6,1,00:30:00,regular,done,57835905,0.723405
PG_uncal_ey60_s7,PG,compare,uncal,60,512,512,256,100000,7,1,00:30:00,regular,done,57835906,0.721056
PG_uncal_ey60_s8,PG,compare,uncal,60,512,512,256,100000,8,1,00:30:00,regular,done,57835907,0.725086
PG_uncal_ey60_s9,PG,compare,uncal,60,512,512,256,100000,9,1,00:30:00,regular,done,57835908,0.726689
PG_uncal_ey60_s10,PG,compare,uncal,60,512,512,256,100000,10,1,00:30:00,regular,done,57835909,0.724695
PG_uncal_ey60_s11,PG,compare,uncal,60,512,512,256,100000,11,1,00:30:00,regular,done,57835910,0.722446
PG_uncal_ey60_s12,PG,compare,uncal,60,512,512,256,100000,12,1,00:30:00,regular,done,57835913,0.723122
PG_uncal_ey60_s13,PG,compare,uncal,60,512,512,256,100000,13,1,00:30:00,regular,done,57835915,0.731400
PG_uncal_ey60_s14,PG,compare,uncal,60,512,512,256,100000,14,1,00:30:00,regular,done,57835928,0.720927
PG_uncal_ey60_s15,PG,compare,uncal,60,512,512,256,100000,15,1,00:30:00,regular,done,57835929,0.727165
PG_uncal_ey80_s1,PG,compare,uncal,80,512,512,256,100000,1,1,00:30:00,regular,done,57835930,0.612335
PG_uncal_ey80_s2,PG,compare,uncal,80,512,512,256,100000,2,1,00:30:00,regular,done,57835931,0.609018
PG_uncal_ey80_s3,PG,compare,uncal,80,512,512,256,100000,3,1,00:30:00,regular,done,57835932,0.610697
PG_uncal_ey80_s4,PG,compare,uncal,80,512,512,256,100000,4,1,00:30:00,regular,done,57835933,0.607911
PG_uncal_ey80_s5,PG,compare,uncal,80,512,512,256,100000,5,1,00:30:00,regular,done,57835934,0.611592
PG_uncal_ey80_s6,PG,compare,uncal,80,512,512,256,100000,6,1,00:30:00,regular,done,57835935,0.609393
PG_uncal_ey80_s7,PG,compare,uncal,80,512,512,256,100000,7,1,00:30:00,regular,done,57835936,0.608491
PG_uncal_ey80_s8,PG,compare,uncal,80,512,512,256,100000,8,1,00:30:00,regular,done,57835937,0.611165
PG_uncal_ey80_s9,PG,compare,uncal,80,512,512,256,100000,9,1,00:30:00,regular,done,57835938,0.612779
PG_uncal_ey80_s10,PG,compare,uncal,80,512,512,256,100000,10,1,00:30:00,regular,done,57835939,0.612050
PG_uncal_ey80_s11,PG,compare,uncal,80,512,512,256,100000,11,1,00:30:00,regular,done,57835940,0.609869
PG_uncal_ey80_s12,PG,compare,uncal,80,512,512,256,100000,12,1,00:30:00,regular,done,57835941,0.610077
PG_uncal_ey80_s13,PG,compare,uncal,80,512,512,256,100000,13,1,00:30:00,regular,done,57835942,0.616461
PG_uncal_ey80_s14,PG,compare,uncal,80,512,512,256,100000,14,1,00:30:00,regular,done,57835943,0.608196
PG_uncal_ey80_s15,PG,compare,uncal,80,512,512,256,100000,15,1,00:30:00,regular,done,57835944,0.612133
PG_uncal_ey100_s1,PG,compare,uncal,100,512,512,256,100000,1,1,00:30:00,regular,done,57835945,0.536284
PG_uncal_ey100_s2,PG,compare,uncal,100,512,512,256,100000,2,1,00:30:00,regular,done,57835946,0.533045
PG_uncal_ey100_s3,PG,compare,uncal,100,512,512,256,100000,3,1,00:30:00,regular,done,57835947,0.535173
PG_uncal_ey100_s4,PG,compare,uncal,100,512,512,256,100000,4,1,00:30:00,regular,done,57835948,0.531934
PG_uncal_ey100_s5,PG,compare,uncal,100,512,512,256,100000,5,1,00:30:00,regular,done,57835949,0.535506
PG_uncal_ey100_s6,PG,compare,uncal,100,512,512,256,100000,6,1,00:30:00,regular,done,57835950,0.534154
PG_uncal_ey100_s7,PG,compare,uncal,100,512,512,256,100000,7,1,00:30:00,regular,done,57835951,0.532608
PG_uncal_ey100_s8,PG,compare,uncal,100,512,512,256,100000,8,1,00:30:00,regular,done,57835952,0.535479
PG_uncal_ey100_s9,PG,compare,uncal,100,512,512,256,100000,9,1,00:30:00,regular,done,57835953,0.536639
PG_uncal_ey100_s10,PG,compare,uncal,100,512,512,256,100000,10,1,00:30:00,regular,done,57835954,0.535894
PG_uncal_ey100_s11,PG,compare,uncal,100,512,512,256,100000,11,1,00:30:00,regular,done,57835955,0.534067
PG_uncal_ey100_s12,PG,compare,uncal,100,512,512,256,100000,12,1,00:30:00,regular,done,57835956,0.534044
PG_uncal_ey100_s13,PG,compare,uncal,100,512,512,256,100000,13,1,00:30:00,regular,done,57835957,0.538907
PG_uncal_ey100_s14,PG,compare,uncal,100,512,512,256,100000,14,1,00:30:00,regular,done,57835958,0.532836
PG_uncal_ey100_s15,PG,compare,uncal,100,512,512,256,100000,15,1,00:30:00,regular,done,57835959,0.536275
PM_emit1024_ey20_s1,PM,compare,emit1024,20,512,1024,128,10000,1,1,01:00:00,regular,done,57846974,1.325164
PM_emit1024_ey20_s2,PM,compare,emit1024,20,512,1024,128,10000,2,1,01:00:00,regular,done,57846976,1.281412
PM_emit1024_ey20_s3,PM,compare,emit1024,20,512,1024,128,10000,3,1,01:00:00,regular,done,57846978,1.365628
PM_emit1024_ey16_s1,PM,compare,emit1024,16,512,1024,128,14000,1,1,01:00:00,regular,done,57846980,1.540742
PM_emit1024_ey16_s2,PM,compare,emit1024,16,512,1024,128,14000,2,1,01:00:00,regular,done,57846982,1.524251
PM_emit1024_ey16_s3,PM,compare,emit1024,16,512,1024,128,14000,3,1,01:00:00,regular,done,57846984,1.550228
PM_emit1024_ey12_s1,PM,compare,emit1024,12,512,1024,128,22000,1,1,01:00:00,regular,done,57846985,1.791524
PM_emit1024_ey12_s2,PM,compare,emit1024,12,512,1024,128,22000,2,1,01:00:00,regular,done,57846987,1.766095
PM_emit1024_ey12_s3,PM,compare,emit1024,12,512,1024,128,22000,3,1,01:00:00,regular,done,57846989,1.823672
PM_emit1024_ey8_s1,PM,compare,emit1024,8,512,1024,128,40000,1,1,01:00:00,regular,done,57846991,2.337311
PM_emit1024_ey8_s2,PM,compare,emit1024,8,512,1024,128,40000,2,1,01:00:00,regular,done,57846998,2.280918
PM_emit1024_ey8_s3,PM,compare,emit1024,8,512,1024,128,40000,3,1,01:00:00,regular,done,57847001,2.331908
PM_emit1024_ey4_s1,PM,compare,emit1024,4,512,1024,128,110000,1,1,01:00:00,regular,done,57847003,3.440960
PM_emit1024_ey4_s2,PM,compare,emit1024,4,512,1024,128,110000,2,1,01:00:00,regular,done,57847004,3.432271
PM_emit1024_ey4_s3,PM,compare,emit1024,4,512,1024,128,110000,3,1,01:00:00,regular,done,57847006,3.391216
PM_emit1024_ey2_s1,PM,compare,emit1024,2,512,1024,128,310000,1,1,01:00:00,regular,done,57847007,5.171204
PM_emit1024_ey2_s2,PM,compare,emit1024,2,512,1024,128,310000,2,1,01:00:00,regular,done,57847008,5.154193
PM_emit1024_ey2_s3,PM,compare,emit1024,2,512,1024,128,310000,3,1,01:00:00,regular,done,57847009,5.186148
PM_emit1024_ey1_s1,PM,compare,emit1024,1,512,1024,128,880000,1,1,01:00:00,regular,done,57847010,7.950174
PM_emit1024_ey1_s2,PM,compare,emit1024,1,512,1024,128,880000,2,1,01:00:00,regular,done,57847011,7.912993
PM_emit1024_ey1_s3,PM,compare,emit1024,1,512,1024,128,880000,3,1,01:00:00,regular,done,57847012,7.874250
PM_emit1024_ey0p5_s1,PM,compare,emit1024,0.5,512,1024,128,2500000,1,1,01:00:00,regular,done,57847013,11.770033
PM_emit1024_ey0p5_s2,PM,compare,emit1024,0.5,512,1024,128,2500000,2,1,01:00:00,regular,done,57847014,11.784708
PM_emit1024_ey0p5_s3,PM,compare,emit1024,0.5,512,1024,128,2500000,3,1,01:00:00,regular,done,57847015,11.769116
PC3_cal3dcic_ey20_s1,PC3,compare,cal3dcic,20,512,256,128,10000,1,1,00:30:00,regular,done,58086658,1.299070
PC3_cal3dcic_ey20_s2,PC3,compare,cal3dcic,20,512,256,128,10000,2,1,00:30:00,regular,done,58086659,1.267719
PC3_cal3dcic_ey20_s3,PC3,compare,cal3dcic,20,512,256,128,10000,3,1,00:30:00,regular,done,58086661,1.337008
PC3_cal3dcic_ey16_s1,PC3,compare,cal3dcic,16,512,256,128,14000,1,1,00:30:00,regular,done,58086662,1.517005
PC3_cal3dcic_ey16_s2,PC3,compare,cal3dcic,16,512,256,128,14000,2,1,00:30:00,regular,done,58086663,1.487539
PC3_cal3dcic_ey16_s3,PC3,compare,cal3dcic,16,512,256,128,14000,3,1,00:30:00,regular,done,58086664,1.515875
PC3_cal3dcic_ey12_s1,PC3,compare,cal3dcic,12,512,256,128,22000,1,1,00:30:00,regular,done,58086665,1.748803
PC3_cal3dcic_ey12_s2,PC3,compare,cal3dcic,12,512,256,128,22000,2,1,00:30:00,regular,done,58086666,1.730927
PC3_cal3dcic_ey12_s3,PC3,compare,cal3dcic,12,512,256,128,22000,3,1,00:30:00,regular,done,58086667,1.794494
PC3_cal3dcic_ey8_s1,PC3,compare,cal3dcic,8,512,256,128,40000,1,1,00:30:00,regular,done,58086668,2.274256
PC3_cal3dcic_ey8_s2,PC3,compare,cal3dcic,8,512,256,128,40000,2,1,00:30:00,regular,done,58086669,2.229618
PC3_cal3dcic_ey8_s3,PC3,compare,cal3dcic,8,512,256,128,40000,3,1,00:30:00,regular,done,58086670,2.286053
PC3_cal3dcic_ey4_s1,PC3,compare,cal3dcic,4,512,256,128,110000,1,1,00:30:00,regular,done,58086671,3.292298
PC3_cal3dcic_ey4_s2,PC3,compare,cal3dcic,4,512,256,128,110000,2,1,00:30:00,regular,done,58086672,3.271315
PC3_cal3dcic_ey4_s3,PC3,compare,cal3dcic,4,512,256,128,110000,3,1,00:30:00,regular,done,58086673,3.217426
PC3_cal3dcic_ey2_s1,PC3,compare,cal3dcic,2,512,256,128,310000,1,1,00:30:00,regular,done,58086674,4.734800
PC3_cal3dcic_ey2_s2,PC3,compare,cal3dcic,2,512,256,128,310000,2,1,00:30:00,regular,done,58086675,4.752993
PC3_cal3dcic_ey2_s3,PC3,compare,cal3dcic,2,512,256,128,310000,3,1,00:30:00,regular,done,58086676,4.801296
PC3_cal3dcic_ey1_s1,PC3,compare,cal3dcic,1,512,512,128,880000,1,1,00:30:00,regular,done,58086677,7.654216
PC3_cal3dcic_ey1_s2,PC3,compare,cal3dcic,1,512,512,128,880000,2,1,00:30:00,regular,done,58086678,7.481748
PC3_cal3dcic_ey1_s3,PC3,compare,cal3dcic,1,512,512,128,880000,3,1,00:30:00,regular,done,58086679,7.292309
PC3_cal3dcic_ey0p5_s1,PC3,compare,cal3dcic,0.5,512,512,128,2500000,1,1,00:30:00,regular,done,58086680,11.581884
PC3_cal3dcic_ey0p5_s2,PC3,compare,cal3dcic,0.5,512,512,128,2500000,2,1,00:30:00,regular,done,58086681,11.530525
PC3_cal3dcic_ey0p5_s3,PC3,compare,cal3dcic,0.5,512,512,128,2500000,3,1,00:30:00,regular,done,58086682,11.473428
PC2_cal2dcic_ey20_s1,PC2,compare,cal2dcic,20,512,256,128,10000,1,1,00:30:00,regular,done,58086683,1.299106
PC2_cal2dcic_ey20_s2,PC2,compare,cal2dcic,20,512,256,128,10000,2,1,00:30:00,regular,done,58086684,1.267199
PC2_cal2dcic_ey20_s3,PC2,compare,cal2dcic,20,512,256,128,10000,3,1,00:30:00,regular,done,58086685,1.338096
PC2_cal2dcic_ey16_s1,PC2,compare,cal2dcic,16,512,256,128,14000,1,1,00:30:00,regular,done,58086687,1.515282
PC2_cal2dcic_ey16_s2,PC2,compare,cal2dcic,16,512,256,128,14000,2,1,00:30:00,regular,done,58086689,1.488160
PC2_cal2dcic_ey16_s3,PC2,compare,cal2dcic,16,512,256,128,14000,3,1,00:30:00,regular,done,58086690,1.518039
PC2_cal2dcic_ey12_s1,PC2,compare,cal2dcic,12,512,256,128,22000,1,1,00:30:00,regular,done,58086691,1.749219
PC2_cal2dcic_ey12_s2,PC2,compare,cal2dcic,12,512,256,128,22000,2,1,00:30:00,regular,done,58086692,1.734657
PC2_cal2dcic_ey12_s3,PC2,compare,cal2dcic,12,512,256,128,22000,3,1,00:30:00,regular,done,58086693,1.794829
PC2_cal2dcic_ey8_s1,PC2,compare,cal2dcic,8,512,256,128,40000,1,1,00:30:00,regular,done,58086694,2.273840
PC2_cal2dcic_ey8_s2,PC2,compare,cal2dcic,8,512,256,128,40000,2,1,00:30:00,regular,done,58086695,2.228751
PC2_cal2dcic_ey8_s3,PC2,compare,cal2dcic,8,512,256,128,40000,3,1,00:30:00,regular,done,58086696,2.285646
PC2_cal2dcic_ey4_s1,PC2,compare,cal2dcic,4,512,256,128,110000,1,1,00:30:00,regular,done,58086697,3.292207
PC2_cal2dcic_ey4_s2,PC2,compare,cal2dcic,4,512,256,128,110000,2,1,00:30:00,regular,done,58086698,3.271561
PC2_cal2dcic_ey4_s3,PC2,compare,cal2dcic,4,512,256,128,110000,3,1,00:30:00,regular,done,58086699,3.215906
PC2_cal2dcic_ey2_s1,PC2,compare,cal2dcic,2,512,256,128,310000,1,1,00:30:00,regular,done,58086700,4.736625
PC2_cal2dcic_ey2_s2,PC2,compare,cal2dcic,2,512,256,128,310000,2,1,00:30:00,regular,done,58086701,4.752803
PC2_cal2dcic_ey2_s3,PC2,compare,cal2dcic,2,512,256,128,310000,3,1,00:30:00,regular,done,58086702,4.803036
PC2_cal2dcic_ey1_s1,PC2,compare,cal2dcic,1,512,512,128,880000,1,1,00:30:00,regular,done,58086703,7.656075
PC2_cal2dcic_ey1_s2,PC2,compare,cal2dcic,1,512,512,128,880000,2,1,00:30:00,regular,done,58086705,7.479841
PC2_cal2dcic_ey1_s3,PC2,compare,cal2dcic,1,512,512,128,880000,3,1,00:30:00,regular,done,58086707,7.291557
PC2_cal2dcic_ey0p5_s1,PC2,compare,cal2dcic,0.5,512,512,128,2500000,1,1,00:30:00,regular,done,58086708,11.581046
PC2_cal2dcic_ey0p5_s2,PC2,compare,cal2dcic,0.5,512,512,128,2500000,2,1,00:30:00,regular,done,58086709,11.534363
PC2_cal2dcic_ey0p5_s3,PC2,compare,cal2dcic,0.5,512,512,128,2500000,3,1,00:30:00,regular,done,58086710,11.473767
PN_cons_ey0p5_s1,PN,B_nm_cons,cons,0.5,512,512,128,4334528,1,1,00:10:00,regular,done,58217845,11.778326
PN_cons_ey0p5_s2,PN,B_nm_cons,cons,0.5,512,512,128,4334528,2,1,00:10:00,regular,done,58217846,11.757006
PN_cons_ey0p5_s3,PN,B_nm_cons,cons,0.5,512,512,128,4334528,3,1,00:10:00,regular,done,58217847,11.770461
PN_cons_ey0p5_s4,PN,B_nm_cons,cons,0.5,512,512,128,4334528,4,1,00:10:00,regular,done,58217848,11.769344
PN_cons_ey0p5_s5,PN,B_nm_cons,cons,0.5,512,512,128,4334528,5,1,00:10:00,regular,done,58217849,11.765003
PN_cons_ey0p5_s6,PN,B_nm_cons,cons,0.5,512,512,128,4334528,6,1,00:10:00,regular,done,58217850,11.771088
PN_cons_ey0p5_s7,PN,B_nm_cons,cons,0.5,512,512,128,4334528,7,1,00:10:00,regular,done,58217851,11.736421
PN_cons_ey0p5_s8,PN,B_nm_cons,cons,0.5,512,512,128,4334528,8,1,00:10:00,regular,done,58217852,11.771987
PN_cons_ey0p5_s9,PN,B_nm_cons,cons,0.5,512,512,128,4334528,9,1,00:10:00,regular,done,58217853,11.762918
PN_cons_ey0p5_s10,PN,B_nm_cons,cons,0.5,512,512,128,4334528,10,1,00:10:00,regular,done,58217854,11.743108
PN_cons_ey0p5_s11,PN,B_nm_cons,cons,0.5,512,512,128,4334528,11,1,00:10:00,regular,done,58217855,11.763877
PN_cons_ey0p5_s12,PN,B_nm_cons,cons,0.5,512,512,128,4334528,12,1,00:10:00,regular,done,58217856,11.749834
PN_cons_ey0p5_s13,PN,B_nm_cons,cons,0.5,512,512,128,4334528,13,1,00:10:00,regular,done,58217857,11.756549
PN_cons_ey0p5_s14,PN,B_nm_cons,cons,0.5,512,512,128,4334528,14,1,00:10:00,regular,done,58217858,11.775804
PN_cons_ey0p5_s15,PN,B_nm_cons,cons,0.5,512,512,128,4334528,15,1,00:10:00,regular,done,58217859,11.761421
PN_cons_ey1_s1,PN,B_nm_cons,cons,1,512,512,128,1391638,1,1,00:10:00,regular,done,58217860,7.913659
PN_cons_ey1_s2,PN,B_nm_cons,cons,1,512,512,128,1391638,2,1,00:10:00,regular,done,58217861,7.876670
PN_cons_ey1_s3,PN,B_nm_cons,cons,1,512,512,128,1391638,3,1,00:10:00,regular,done,58217862,7.874977
PN_cons_ey1_s4,PN,B_nm_cons,cons,1,512,512,128,1391638,4,1,00:10:00,regular,done,58217863,7.877329
PN_cons_ey1_s5,PN,B_nm_cons,cons,1,512,512,128,1391638,5,1,00:10:00,regular,done,58217864,7.919944
PN_cons_ey1_s6,PN,B_nm_cons,cons,1,512,512,128,1391638,6,1,00:10:00,regular,done,58217865,7.914536
PN_cons_ey1_s7,PN,B_nm_cons,cons,1,512,512,128,1391638,7,1,00:10:00,regular,done,58217866,7.892651
PN_cons_ey1_s8,PN,B_nm_cons,cons,1,512,512,128,1391638,8,1,00:10:00,regular,done,58217867,7.858635
PN_cons_ey1_s9,PN,B_nm_cons,cons,1,512,512,128,1391638,9,1,00:10:00,regular,done,58217868,7.888900
PN_cons_ey1_s10,PN,B_nm_cons,cons,1,512,512,128,1391638,10,1,00:10:00,regular,done,58217869,7.911872
PN_cons_ey1_s11,PN,B_nm_cons,cons,1,512,512,128,1391638,11,1,00:10:00,regular,done,58217870,7.908502
PN_cons_ey1_s12,PN,B_nm_cons,cons,1,512,512,128,1391638,12,1,00:10:00,regular,done,58217871,7.904577
PN_cons_ey1_s13,PN,B_nm_cons,cons,1,512,512,128,1391638,13,1,00:10:00,regular,done,58217872,7.862767
PN_cons_ey1_s14,PN,B_nm_cons,cons,1,512,512,128,1391638,14,1,00:10:00,regular,done,58217873,7.888390
PN_cons_ey1_s15,PN,B_nm_cons,cons,1,512,512,128,1391638,15,1,00:10:00,regular,done,58217874,7.847597
PN_cons_ey2_s1,PN,B_nm_cons,cons,2,512,256,128,446211,1,1,00:10:00,regular,done,58217875,5.185489
PN_cons_ey2_s2,PN,B_nm_cons,cons,2,512,256,128,446211,2,1,00:10:00,regular,done,58217876,5.125459
PN_cons_ey2_s3,PN,B_nm_cons,cons,2,512,256,128,446211,3,1,00:10:00,regular,done,58217877,5.151832
PN_cons_ey2_s4,PN,B_nm_cons,cons,2,512,256,128,446211,4,1,00:10:00,regular,done,58217878,5.139847
PN_cons_ey2_s5,PN,B_nm_cons,cons,2,512,256,128,446211,5,1,00:10:00,regular,done,58217879,5.164395
PN_cons_ey2_s6,PN,B_nm_cons,cons,2,512,256,128,446211,6,1,00:10:00,regular,done,58217880,5.072164
PN_cons_ey2_s7,PN,B_nm_cons,cons,2,512,256,128,446211,7,1,00:10:00,regular,done,58217881,5.115611
PN_cons_ey2_s8,PN,B_nm_cons,cons,2,512,256,128,446211,8,1,00:10:00,regular,done,58217882,5.123452
PN_cons_ey2_s9,PN,B_nm_cons,cons,2,512,256,128,446211,9,1,00:10:00,regular,done,58217883,5.103452
PN_cons_ey2_s10,PN,B_nm_cons,cons,2,512,256,128,446211,10,1,00:10:00,regular,done,58217884,5.112317
PN_cons_ey2_s11,PN,B_nm_cons,cons,2,512,256,128,446211,11,1,00:10:00,regular,done,58217885,5.127300
PN_cons_ey2_s12,PN,B_nm_cons,cons,2,512,256,128,446211,12,1,00:10:00,regular,done,58217886,5.196967
PN_cons_ey2_s13,PN,B_nm_cons,cons,2,512,256,128,446211,13,1,00:10:00,regular,done,58217887,5.036831
PN_cons_ey2_s14,PN,B_nm_cons,cons,2,512,256,128,446211,14,1,00:10:00,regular,done,58217888,5.192798
PN_cons_ey2_s15,PN,B_nm_cons,cons,2,512,256,128,446211,15,1,00:10:00,regular,done,58217889,5.090374
PN_cons_ey4_s1,PN,B_nm_cons,cons,4,512,256,128,142808,1,1,00:10:00,regular,done,58217890,3.294703
PN_cons_ey4_s2,PN,B_nm_cons,cons,4,512,256,128,142808,2,1,00:10:00,regular,done,58217892,3.367926
PN_cons_ey4_s3,PN,B_nm_cons,cons,4,512,256,128,142808,3,1,00:10:00,regular,done,58217893,3.350244
PN_cons_ey4_s4,PN,B_nm_cons,cons,4,512,256,128,142808,4,1,00:10:00,regular,done,58217894,3.408589
PN_cons_ey4_s5,PN,B_nm_cons,cons,4,512,256,128,142808,5,1,00:10:00,regular,done,58217895,3.324453
PN_cons_ey4_s6,PN,B_nm_cons,cons,4,512,256,128,142808,6,1,00:10:00,regular,done,58217896,3.298191
PN_cons_ey4_s7,PN,B_nm_cons,cons,4,512,256,128,142808,7,1,00:10:00,regular,done,58217897,3.439405
PN_cons_ey4_s8,PN,B_nm_cons,cons,4,512,256,128,142808,8,1,00:10:00,regular,done,58217898,3.347907
PN_cons_ey4_s9,PN,B_nm_cons,cons,4,512,256,128,142808,9,1,00:10:00,regular,done,58217899,3.325075
PN_cons_ey4_s10,PN,B_nm_cons,cons,4,512,256,128,142808,10,1,00:10:00,regular,done,58217900,3.313593
PN_cons_ey4_s11,PN,B_nm_cons,cons,4,512,256,128,142808,11,1,00:10:00,regular,done,58217901,3.461162
PN_cons_ey4_s12,PN,B_nm_cons,cons,4,512,256,128,142808,12,1,00:10:00,regular,done,58217902,3.357015
PN_cons_ey4_s13,PN,B_nm_cons,cons,4,512,256,128,142808,13,1,00:10:00,regular,done,58217903,3.442918
PN_cons_ey4_s14,PN,B_nm_cons,cons,4,512,256,128,142808,14,1,00:10:00,regular,done,58217904,3.401293
PN_cons_ey4_s15,PN,B_nm_cons,cons,4,512,256,128,142808,15,1,00:10:00,regular,done,58217905,3.415092
PN_cons_ey8_s1,PN,B_nm_cons,cons,8,512,256,128,45586,1,1,00:10:00,regular,done,58217906,2.331396
PN_cons_ey8_s2,PN,B_nm_cons,cons,8,512,256,128,45586,2,1,00:10:00,regular,done,58217907,2.286072
PN_cons_ey8_s3,PN,B_nm_cons,cons,8,512,256,128,45586,3,1,00:10:00,regular,done,58217908,2.293003
PN_cons_ey8_s4,PN,B_nm_cons,cons,8,512,256,128,45586,4,1,00:10:00,regular,done,58217909,2.229813
PN_cons_ey8_s5,PN,B_nm_cons,cons,8,512,256,128,45586,5,1,00:10:00,regular,done,58217910,2.277106
PN_cons_ey8_s6,PN,B_nm_cons,cons,8,512,256,128,45586,6,1,00:10:00,regular,done,58217911,2.267800
PN_cons_ey8_s7,PN,B_nm_cons,cons,8,512,256,128,45586,7,1,00:10:00,regular,done,58217912,2.286161
PN_cons_ey8_s8,PN,B_nm_cons,cons,8,512,256,128,45586,8,1,00:10:00,regular,done,58217913,2.328159
PN_cons_ey8_s9,PN,B_nm_cons,cons,8,512,256,128,45586,9,1,00:10:00,regular,done,58217914,2.181882
PN_cons_ey8_s10,PN,B_nm_cons,cons,8,512,256,128,45586,10,1,00:10:00,regular,done,58217916,2.182034
PN_cons_ey8_s11,PN,B_nm_cons,cons,8,512,256,128,45586,11,1,00:10:00,regular,done,58217917,2.247969
PN_cons_ey8_s12,PN,B_nm_cons,cons,8,512,256,128,45586,12,1,00:10:00,regular,done,58217918,2.172024
PN_cons_ey8_s13,PN,B_nm_cons,cons,8,512,256,128,45586,13,1,00:10:00,regular,done,58217920,2.357112
PN_cons_ey8_s14,PN,B_nm_cons,cons,8,512,256,128,45586,14,1,00:10:00,regular,done,58217921,2.299675
PN_cons_ey8_s15,PN,B_nm_cons,cons,8,512,256,128,45586,15,1,00:10:00,regular,done,58217922,2.293185
PN_cons_ey12_s1,PN,B_nm_cons,cons,12,512,256,128,23337,1,1,00:10:00,regular,done,58217927,1.793200
PN_cons_ey12_s2,PN,B_nm_cons,cons,12,512,256,128,23337,2,1,00:10:00,regular,done,58217928,1.768619
PN_cons_ey12_s3,PN,B_nm_cons,cons,12,512,256,128,23337,3,1,00:10:00,regular,done,58217929,1.834306
PN_cons_ey12_s4,PN,B_nm_cons,cons,12,512,256,128,23337,4,1,00:10:00,regular,done,58217930,1.836438
PN_cons_ey12_s5,PN,B_nm_cons,cons,12,512,256,128,23337,5,1,00:10:00,regular,done,58217931,1.816515
PN_cons_ey12_s6,PN,B_nm_cons,cons,12,512,256,128,23337,6,1,00:10:00,regular,done,58217932,1.789054
PN_cons_ey12_s7,PN,B_nm_cons,cons,12,512,256,128,23337,7,1,00:10:00,regular,done,58217933,1.814217
PN_cons_ey12_s8,PN,B_nm_cons,cons,12,512,256,128,23337,8,1,00:10:00,regular,done,58217934,1.831330
PN_cons_ey12_s9,PN,B_nm_cons,cons,12,512,256,128,23337,9,1,00:10:00,regular,done,58217935,1.785843
PN_cons_ey12_s10,PN,B_nm_cons,cons,12,512,256,128,23337,10,1,00:10:00,regular,done,58217936,1.737150
PN_cons_ey12_s11,PN,B_nm_cons,cons,12,512,256,128,23337,11,1,00:10:00,regular,done,58217937,1.817372
PN_cons_ey12_s12,PN,B_nm_cons,cons,12,512,256,128,23337,12,1,00:10:00,regular,done,58217939,1.759445
PN_cons_ey12_s13,PN,B_nm_cons,cons,12,512,256,128,23337,13,1,00:10:00,regular,done,58217940,1.796489
PN_cons_ey12_s14,PN,B_nm_cons,cons,12,512,256,128,23337,14,1,00:10:00,regular,done,58217941,1.801428
PN_cons_ey12_s15,PN,B_nm_cons,cons,12,512,256,128,23337,15,1,00:10:00,regular,done,58217942,1.824033
PN_cons_ey16_s1,PN,B_nm_cons,cons,16,512,256,128,14499,1,1,00:10:00,regular,done,58217943,1.526015
PN_cons_ey16_s2,PN,B_nm_cons,cons,16,512,256,128,14499,2,1,00:10:00,regular,done,58217944,1.506571
PN_cons_ey16_s3,PN,B_nm_cons,cons,16,512,256,128,14499,3,1,00:10:00,regular,done,58217945,1.523328
PN_cons_ey16_s4,PN,B_nm_cons,cons,16,512,256,128,14499,4,1,00:10:00,regular,done,58217946,1.540330
PN_cons_ey16_s5,PN,B_nm_cons,cons,16,512,256,128,14499,5,1,00:10:00,regular,done,58217947,1.531292
PN_cons_ey16_s6,PN,B_nm_cons,cons,16,512,256,128,14499,6,1,00:10:00,regular,done,58217948,1.526214
PN_cons_ey16_s7,PN,B_nm_cons,cons,16,512,256,128,14499,7,1,00:10:00,regular,done,58217949,1.515955
PN_cons_ey16_s8,PN,B_nm_cons,cons,16,512,256,128,14499,8,1,00:10:00,regular,done,58217950,1.530637
PN_cons_ey16_s9,PN,B_nm_cons,cons,16,512,256,128,14499,9,1,00:10:00,regular,done,58217951,1.534030
PN_cons_ey16_s10,PN,B_nm_cons,cons,16,512,256,128,14499,10,1,00:10:00,regular,done,58217952,1.472150
PN_cons_ey16_s11,PN,B_nm_cons,cons,16,512,256,128,14499,11,1,00:10:00,regular,done,58217953,1.502798
PN_cons_ey16_s12,PN,B_nm_cons,cons,16,512,256,128,14499,12,1,00:10:00,regular,done,58217954,1.534995
PN_cons_ey16_s13,PN,B_nm_cons,cons,16,512,256,128,14499,13,1,00:10:00,regular,done,58217955,1.539539
PN_cons_ey16_s14,PN,B_nm_cons,cons,16,512,256,128,14499,14,1,00:10:00,regular,done,58217958,1.514303
PN_cons_ey16_s15,PN,B_nm_cons,cons,16,512,256,128,14499,15,1,00:10:00,regular,done,58217959,1.540175
PQ2_slice2048_ey0p5_s1,PQ2,B_core,slice2048,0.5,512,2048,128,4334528,1,1,00:12:00,regular,done,58238743,11.805311
PQ2_slice2048_ey0p5_s2,PQ2,B_core,slice2048,0.5,512,2048,128,4334528,2,1,00:12:00,regular,done,58238744,11.785332
PQ2_slice2048_ey0p5_s3,PQ2,B_core,slice2048,0.5,512,2048,128,4334528,3,1,00:12:00,regular,done,58238745,11.798855
PQ2_slice2048_ey0p5_s4,PQ2,B_core,slice2048,0.5,512,2048,128,4334528,4,1,00:12:00,regular,done,58238746,11.797988
PQ2_slice2048_ey0p5_s5,PQ2,B_core,slice2048,0.5,512,2048,128,4334528,5,1,00:12:00,regular,done,58238747,11.793928
PQ2_slice2048_ey0p5_s6,PQ2,B_core,slice2048,0.5,512,2048,128,4334528,6,1,00:12:00,regular,done,58238748,11.799769
PQ2_slice2048_ey0p5_s7,PQ2,B_core,slice2048,0.5,512,2048,128,4334528,7,1,00:12:00,regular,done,58238749,11.764260
PQ2_slice2048_ey0p5_s8,PQ2,B_core,slice2048,0.5,512,2048,128,4334528,8,1,00:12:00,regular,done,58238750,11.799532
PQ2_slice2048_ey0p5_s9,PQ2,B_core,slice2048,0.5,512,2048,128,4334528,9,1,00:12:00,regular,done,58238751,11.791940
PQ2_slice2048_ey0p5_s10,PQ2,B_core,slice2048,0.5,512,2048,128,4334528,10,1,00:12:00,regular,done,58238752,11.773594
PQ2_slice2048_ey1_s1,PQ2,B_core,slice2048,1,512,2048,128,1391638,1,1,00:10:00,regular,done,58238753,7.943153
PQ2_slice2048_ey1_s2,PQ2,B_core,slice2048,1,512,2048,128,1391638,2,1,00:10:00,regular,done,58238754,7.907848
PQ2_slice2048_ey1_s3,PQ2,B_core,slice2048,1,512,2048,128,1391638,3,1,00:10:00,regular,done,58238755,7.906214
PQ2_slice2048_ey1_s4,PQ2,B_core,slice2048,1,512,2048,128,1391638,4,1,00:10:00,regular,done,58238756,7.909456
PQ2_slice2048_ey1_s5,PQ2,B_core,slice2048,1,512,2048,128,1391638,5,1,00:10:00,regular,done,58238757,7.948767
PQ2_slice2048_ey1_s6,PQ2,B_core,slice2048,1,512,2048,128,1391638,6,1,00:10:00,regular,done,58238758,7.943457
PQ2_slice2048_ey1_s7,PQ2,B_core,slice2048,1,512,2048,128,1391638,7,1,00:10:00,regular,done,58238759,7.921882
PQ2_slice2048_ey1_s8,PQ2,B_core,slice2048,1,512,2048,128,1391638,8,1,00:10:00,regular,done,58238760,7.891577
PQ2_slice2048_ey1_s9,PQ2,B_core,slice2048,1,512,2048,128,1391638,9,1,00:10:00,regular,done,58238761,7.921253
PQ2_slice2048_ey1_s10,PQ2,B_core,slice2048,1,512,2048,128,1391638,10,1,00:10:00,regular,done,58238762,7.939793
PQ2_slice1024_ey2_s1,PQ2,B_core,slice1024,2,512,1024,128,446211,1,1,00:06:00,regular,done,58238763,5.270587
PQ2_slice1024_ey2_s2,PQ2,B_core,slice1024,2,512,1024,128,446211,2,1,00:06:00,regular,done,58238764,5.206251
PQ2_slice1024_ey2_s3,PQ2,B_core,slice1024,2,512,1024,128,446211,3,1,00:06:00,regular,done,58238765,5.239047
PQ2_slice1024_ey2_s4,PQ2,B_core,slice1024,2,512,1024,128,446211,4,1,00:06:00,regular,done,58238766,5.228433
PQ2_slice1024_ey2_s5,PQ2,B_core,slice1024,2,512,1024,128,446211,5,1,00:06:00,regular,done,58238767,5.246041
PQ2_slice1024_ey2_s6,PQ2,B_core,slice1024,2,512,1024,128,446211,6,1,00:06:00,regular,done,58238768,5.166281
PQ2_slice1024_ey2_s7,PQ2,B_core,slice1024,2,512,1024,128,446211,7,1,00:06:00,regular,done,58238770,5.209823
PQ2_slice1024_ey2_s8,PQ2,B_core,slice1024,2,512,1024,128,446211,8,1,00:06:00,regular,done,58238772,5.205579
PQ2_slice1024_ey2_s9,PQ2,B_core,slice1024,2,512,1024,128,446211,9,1,00:06:00,regular,done,58238773,5.195635
PQ2_slice1024_ey2_s10,PQ2,B_core,slice1024,2,512,1024,128,446211,10,1,00:06:00,regular,done,58238775,5.197274
PQ2_slice1024_ey4_s1,PQ2,B_core,slice1024,4,512,1024,128,142808,1,1,00:05:00,regular,done,58238777,3.336246
PQ2_slice1024_ey4_s2,PQ2,B_core,slice1024,4,512,1024,128,142808,2,1,00:05:00,regular,done,58238778,3.410255
PQ2_slice1024_ey4_s3,PQ2,B_core,slice1024,4,512,1024,128,142808,3,1,00:05:00,regular,done,58238779,3.391479
PQ2_slice1024_ey4_s4,PQ2,B_core,slice1024,4,512,1024,128,142808,4,1,00:05:00,regular,done,58238780,3.450511
PQ2_slice1024_ey4_s5,PQ2,B_core,slice1024,4,512,1024,128,142808,5,1,00:05:00,regular,done,58238781,3.365587
PQ2_slice1024_ey4_s6,PQ2,B_core,slice1024,4,512,1024,128,142808,6,1,00:05:00,regular,done,58238782,3.339723
PQ2_slice1024_ey4_s7,PQ2,B_core,slice1024,4,512,1024,128,142808,7,1,00:05:00,regular,done,58238783,3.477772
PQ2_slice1024_ey4_s8,PQ2,B_core,slice1024,4,512,1024,128,142808,8,1,00:05:00,regular,done,58238784,3.391181
PQ2_slice1024_ey4_s9,PQ2,B_core,slice1024,4,512,1024,128,142808,9,1,00:05:00,regular,done,58238785,3.369036
PQ2_slice1024_ey4_s10,PQ2,B_core,slice1024,4,512,1024,128,142808,10,1,00:05:00,regular,done,58238786,3.355409
PQ2_slice1024_ey8_s1,PQ2,B_core,slice1024,8,512,1024,128,45586,1,1,00:05:00,regular,done,58238787,2.349726
PQ2_slice1024_ey8_s2,PQ2,B_core,slice1024,8,512,1024,128,45586,2,1,00:05:00,regular,done,58238788,2.308319
PQ2_slice1024_ey8_s3,PQ2,B_core,slice1024,8,512,1024,128,45586,3,1,00:05:00,regular,done,58238789,2.314462
PQ2_slice1024_ey8_s4,PQ2,B_core,slice1024,8,512,1024,128,45586,4,1,00:05:00,regular,done,58238790,2.248112
PQ2_slice1024_ey8_s5,PQ2,B_core,slice1024,8,512,1024,128,45586,5,1,00:05:00,regular,done,58238791,2.288151
PQ2_slice1024_ey8_s6,PQ2,B_core,slice1024,8,512,1024,128,45586,6,1,00:05:00,regular,done,58238792,2.292634
PQ2_slice1024_ey8_s7,PQ2,B_core,slice1024,8,512,1024,128,45586,7,1,00:05:00,regular,done,58238793,2.302139
PQ2_slice1024_ey8_s8,PQ2,B_core,slice1024,8,512,1024,128,45586,8,1,00:05:00,regular,done,58238794,2.346956
PQ2_slice1024_ey8_s9,PQ2,B_core,slice1024,8,512,1024,128,45586,9,1,00:05:00,regular,done,58238795,2.201117
PQ2_slice1024_ey8_s10,PQ2,B_core,slice1024,8,512,1024,128,45586,10,1,00:05:00,regular,done,58238796,2.202780
PP2_slice_ey0p5_s1,PP2,B_slice,slice,0.5,512,512,128,4334528,1,1,00:10:00,regular,done,58238797,11.778478
PP2_slice_ey1_s1,PP2,B_slice,slice,1,512,512,128,1391638,1,1,00:08:00,regular,done,58238798,7.913971
PP2_slice_ey2_s1,PP2,B_slice,slice,2,512,256,128,446211,1,1,00:05:00,regular,done,58238799,5.185727
PP2_slice_ey4_s1,PP2,B_slice,slice,4,512,256,128,142808,1,1,00:05:00,regular,done,58238800,3.295776
PP2_slice_ey8_s1,PP2,B_slice,slice,8,512,256,128,45586,1,1,00:05:00,regular,done,58238801,2.329926
